periodo,t_vuelta,voltaje,t_voltaje
49,9731193,2.0049758,9731144
49,9731244,1.85914852,9731144
49,9731295,1.2821332,9731144
50,9731347,1.7817532,9731145
49,9731398,1.95744116,9731145
50,9731450,2.2838406,9731145
50,9731501,2.0041702,9731145
49,9731552,1.8018952,9731146
50,9731604,2.125072,9731146
50,9731656,2.1701898,9731146
50,9731707,2.1766352,9731146
49,9731758,2.1645504,9731147
50,9731810,2.0767314,9731147
49,9731861,1.78900432,9731147
50,9731913,1.83815052,9731148
50,9731964,1.70279692,9731148
50,9732016,1.2224628,9731148
49,9732067,0.96217896,9731148
50,9732119,1.0887204,9731149
49,9732170,0.84777292,9731149
,,0.9122271,9731149
,,0.7454017,9731150
,,0.904975936,9731150
,,0.5995239,9731150
,,0.9396201,9731150
,,0.66080564,9731151
,,0.60838632,9731151
,,0.42146944,9731151
,,0.5278187,9731151
,,0.2433646,9731152
,,0.4222751,9731152
,,0.412606968,9731152
,,0.2602838,9731153
,,0.51251084,9731153
,,0.9130327,9731153
,,1.6205676,9731153
,,0.26511788,9731154
,,1.0766354,9731154
,,1.4642663,9731154
,,1.0419912,9731154
,,1.3409476,9731155
,,1.1757334,9731155
,,1.2297138,9731155
,,1.76322268,9731156
,,1.6012313,9731156
,,1.9743602,9731156
,,1.727773,9731156
,,2.1718014,9731157
,,1.99691932,9731157
,,2.0057814,9731157
,,1.9703318,9731158
,,2.0670634,9731158
,,1.97919432,9731158
,,2.0920394,9731158
,,1.83170516,9731159
,,1.82928816,9731159
,,1.9050721,9731159
,,1.922797,9731159
,,1.99691932,9731160
,,2.0452596,9731160
,,2.0694802,9731160
,,1.6407095,9731161
,,2.0380084,9731161
,,0.78810252,9731161
,,1.1958754,9731161
,,1.295024,9731162
,,0.87838868,9731162
,,0.84535584,9731162
,,0.84938424,9731162
,,0.90981,9731163
,,1.0185763,9731163
,,0.0,9731163
,,0.6358297,9731164
,,0.37066148,9731164
,,0.31909816,9731164
,,1.0983887,9731164
,,0.02417029,9731165
,,0.606775,9731165
,,0.27236894,9731165
,,0.028198672,9731166
,,0.39563744,9731166
,,0.481895168,9731166
,,0.72606548,9731166
,,0.53587544,9731167
,,0.5689082,9731167
,,0.42872052,9731167
,,0.7518471,9731167
,,0.744596,9731168
,,0.9790982,9731168
,,0.6881986,9731168
,,1.1032226,9731169
,,0.6914214,9731169
,,0.8437446,9731169
,,0.9895719,9731169
,,1.1362554,9731170
,,0.92914624,9731170
,,0.7486244,9731170
,,1.0274388,9731171
,,1.1749278,9731171
,,0.9057816,9731171
,,0.812272836,9731171
,,1.74549776,9731172
,,0.8203296,9731172
,,1.2740765,9731172
,,1.5206637,9731173
,,1.1708995,9731173
,,1.7140764,9731173
,,0.9927947,9731174
,,0.80985576,9731174
,,1.1418952,9731174
,,0.632607,9731174
,,1.1475348,9731175
,,0.409333936,9731175
,,1.3264455,9731175
,,0.50525976,9731175
,,1.0403799,9731176
,,1.012131,9731176
,,0.75668116,9731176
,,0.4028885,9731177
,,0.6487205,9731177
,,0.44483404,9731177
,,0.55198896,9731177
,,0.68094752,9731178
,,0.7163973,9731178
,,0.8558297,9731178
,,0.6543603,9731178
,,0.89853052,9731179
,,0.85099568,9731179
,,1.0492424,9731179
,,1.5947859,9731180
,,1.2015152,9731180
,,0.932369,9731180
,,1.68990608,9731180
,,1.6366811,9731181
,,1.485214,9731181
,,1.80592352,9731181
,,1.4747403,9731182
,,1.4392401,9731182
,,1.2103777,9731182
,,2.0186724,9731182
,,1.72535584,9731183
,,1.2764934,9731183
,,1.9123232,9731183
,,1.5818951,9731183
,,1.987251,9731184
,,1.8945984,9731184
,,1.9421332,9731184
,,2.0033646,9731185
,,1.7640284,9731185
,,1.3401419,9731185
,,1.2869673,9731185
,,1.6794324,9731186
,,1.3618951,9731186
,,1.2515174,9731186
,,1.3401419,9731186
,,1.4755459,9731187
,,0.85260696,9731187
,,0.7051179,9731187
,,0.7784344,9731188
,,0.74943008,9731188
,,0.467392984,9731188
,,0.475449736,9731188
,,0.45611356,9731189
,,0.29573356,9731189
,,0.16596932,9731189
,,0.38194096,9731190
,,0.07089952,9731190
,,0.06767681,9731190
,,0.3013733,9731190
,,0.3932204,9731191
,,0.211137552,9731191
,,0.21274892,9731191
,,0.4295262,9731191
,,0.579382,9731192
,,0.87838868,9731192
,,0.6946441,9731192
,,0.4730327,9731193
,,0.904975936,9731193
,,0.83165944,9731193
,,1.1265873,9731193
,,1.6390982,9731194
,,1.6213733,9731194
,,1.7406638,9731194
,,1.84298468,9731195
,,1.6633189,9731195
,,1.5408056,9731195
,,1.9050721,9731195
,,1.9808058,9731196
,,2.100096,9731196
,,2.1919432,9731196
,,2.234644,9731197
,,2.2652598,9731197
,,2.204834,9731197
,,2.315262,9731197
,,2.3966352,9731198
,,2.2846462,9731198
,,2.1742182,9731198
,,2.0605676,9731198
,,2.0243122,9731199
,,1.94455024,9731199
,,2.2249758,9731199
,,2.1234608,9731200
,,2.2999542,9731200
,,2.2185304,9731200
,,1.1515632,9731200
,,1.8768734,9731201
,,1.9155458,9731201
,,1.3715633,9731201
,,1.78497584,9731201
,,1.2853559,9731202
,,1.0516595,9731202
,,1.2023209,9731202
,,0.774406,9731203
,,1.1507576,9731203
,,1.344976,9731203
,,0.435971616,9731203
,,0.98393224,9731204
,,1.1990981,9731204
,,0.54876624,9731204
,,0.85180136,9731205
,,0.27881438,9731205
,,1.0597162,9731205
,,1.0524651,9731205
,,1.3320851,9731206
,,1.2232685,9731206
,,1.2442664,9731206
,,1.5738384,9731206
,,1.3602837,9731207
,,1.572227,9731207
,,1.6423209,9731207
,,1.6350697,9731208
,,1.69796284,9731208
,,1.2160174,9731208
,,1.4562095,9731208
,,1.5295262,9731209
,,1.5754498,9731209
,,1.7100481,9731209
,,1.76322268,9731210
,,1.2837444,9731210
,,1.3908995,9731210
,,1.6382926,9731210
,,1.2410437,9731211
,,1.2595742,9731211
,,1.2708538,9731211
,,1.3071091,9731211
,,0.83165944,9731212
,,1.3618951,9731212
,,0.82924232,9731212
,,0.94203704,9731213
,,0.8534126,9731213
,,0.2715633,9731213
,,0.907393,9731213
,,0.0,9731214
,,0.42630348,9731214
,,0.41094528,9731214
,,0.41094528,9731214
,,0.8106615,9731215
,,0.4295262,9731215
,,0.9033646,9731215
,,0.5382925,9731216
,,0.2917052,9731216
,,0.6229389,9731216
,,0.41175096,9731216
,,0.20383612,9731217
,,0.61971616,9731217
,,0.56165716,9731217
,,0.5262074,9731218
,,0.7051179,9731218
,,0.7832685,9731218
,,0.8558297,9731218
,,0.7792401,9731219
,,0.94525976,9731219
,,1.0081025,9731219
,,1.70199132,9731219
,,1.68990608,9731220
,,1.6012313,9731220
,,1.7092424,9731220
,,1.5408056,9731221
,,2.1073472,9731221
,,1.7414694,9731221
,,2.0500936,9731221
,,1.4747403,9731222
,,1.91957424,9731222
,,1.8663996,9731222
,,1.6915176,9731222
,,1.07019,9731223
,,2.0799542,9731223
,,1.812369,9731223
,,0.9025589,9731224
,,1.2555458,9731224
,,1.1378668,9731224
,,1.5762554,9731224
,,0.5455436,9731225
,,1.1354496,9731225
,,1.2087664,9731225
,,0.92431224,9731226
,,0.9130327,9731226
,,0.32151524,9731226
,,0.8146899,9731226
,,0.4770611,9731227
,,0.4778668,9731227
,,0.4464454,9731227
,,0.692227,9731227
,,0.4335546,9731228
,,0.4730327,9731228
,,0.23047378,9731228
,,0.6099977,9731229
,,0.12407415,9731229
,,0.33521172,9731229
,,0.4028885,9731229
,,0.24819868,9731230
,,0.371467136,9731230
,,0.184499884,9731230
,,0.5640741,9731230
,,0.47867244,9731231
,,0.83165944,9731231
,,0.51009384,9731231
,,0.54715496,9731232
,,1.1281986,9731232
,,0.7075349,9731232
,,1.0967772,9731232
,,0.9629847,9731233
,,0.173220416,9731233
,,1.4408513,9731233
,,0.84535584,9731234
,,1.0991943,9731234
,,1.622179,9731234
,,1.73824668,9731234
,,1.955024,9731235
,,1.727773,9731235
,,1.4537926,9731235
,,1.6342641,9731235
,,1.5762554,9731236
,,1.592369,9731236
,,1.7761135,9731236
,,1.6697643,9731237
,,1.5617533,9731237
,,1.4392401,9731237
,,1.4102358,9731237
,,1.2394323,9731238
,,1.2813275,9731238
,,1.050048,9731238
,,0.9960174,9731238
,,1.1410894,9731239
,,0.9468711,9731239
,,1.3925108,9731239
,,1.352227,9731240
,,1.1128907,9731240
,,1.3538383,9731240
,,1.4948821,9731240
,,1.0411856,9731241
,,0.94445416,9731241
,,0.50525976,9731241
,,1.0217991,9731242
,,0.9517052,9731242
,,0.6720851,9731242
,,0.94525976,9731242
,,1.1427008,9731243
,,0.7607095,9731243
,,0.94525976,9731243
,,0.8534126,9731243
,,0.7389563,9731244
,,0.65758292,9731244
,,0.91544976,9731244
,,1.5472511,9731245
,,1.6818494,9731245
,,0.98715496,9731245
,,1.1249759,9731245
,,1.3965392,9731246
,,1.5311376,9731246
,,1.5472511,9731246
,,2.1379628,9731247
,,1.9356878,9731247
,,1.9421332,9731247
,,1.9284368,9731247
,,1.9936964,9731248
,,2.0380084,9731248
,,1.98322268,9731248
,,1.6463493,9731249
,,1.82848252,9731249
,,1.6423209,9731249
,,1.83815052,9731249
,,1.80350636,9731250
,,1.5150241,9731250
,,1.3570612,9731250
,,1.74872052,9731250
,,1.4594324,9731251
,,1.4795742,9731251
,,1.0734126,9731251
,,0.949288136,9731252
,,1.0217991,9731252
,,1.1128907,9731252
,,0.736539236,9731252
,,0.687393,9731253
,,0.0,9731253
,,0.79374224,9731253
,,0.876777232,9731253
,,0.1192401,9731254
,,0.89208516,9731254
,,0.42549784,9731254
,,0.28364844,9731255
,,0.60355232,9731255
,,0.61402608,9731255
,,0.8808056,9731255
,,0.6156375,9731256
,,1.0072968,9731256
,,0.85019,9731256
,,1.310332,9731257
,,1.3401419,9731257
,,1.3715633,9731257
,,1.382037,9731257
,,1.3272511,9731258
,,1.427155,9731258
,,1.4650722,9731258
,,1.70199132,9731258
,,1.8099519,9731259
,,1.7720852,9731259
,,2.152465,9731259
,,2.355546,9731260
,,2.447393,9731260
,,2.4232226,9731260
,,2.4216112,9731260
,,2.2507574,9731261
,,2.6134126,9731261
,,2.2427008,9731261
,,2.335404,9731261
,,1.5762554,9731262
,,2.0517052,9731262
,,1.97919432,9731262
,,1.434406,9731263
,,2.3652138,9731263
,,0.6680567,9731263
,,1.3490044,9731263
,,0.6712795,9731264
,,0.88161132,9731264
,,1.1120851,9731264
,,0.498814336,9731265
,,0.8413275,9731265
,,0.08217899,9731265
,,0.70028376,9731265
,,0.1023209,9731266
,,0.48350652,9731266
,,0.4536965,9731266
,,0.16758068,9731266
,,0.39563744,9731267
,,0.0773449236,9731267
,,0.4980087,9731267
,,0.233696492,9731268
,,0.36018768,9731268
,,0.1836942,9731268
,,0.117628744,9731268
,,0.03947814,9731269
,,0.047534904,9731269
,,0.29734492,9731269
,,0.4367773,9731270
,,0.53265276,9731270
,,0.30298466,9731270
,,0.435971616,9731270
,,0.6583887,9731271
,,0.722842736,9731271
,,0.876777232,9731271
,,0.9629847,9731271
,,0.72687112,9731272
,,0.87516592,9731272
,,1.4279606,9731272
,,0.57615924,9731273
,,1.572227,9731273
,,1.4594324,9731273
,,0.86791484,9731273
,,1.2853559,9731274
,,1.4182925,9731274
,,1.776919,9731274
,,1.5593363,9731274
,,1.5963973,9731275
,,1.2789105,9731275
,,1.5383886,9731275
,,1.2264912,9731276
,,1.2789105,9731276
,,0.98393224,9731276
,,1.1128907,9731276
,,0.8856397,9731277
,,1.0064912,9731277
,,0.8695262,9731277
,,1.1209475,9731278
,,0.8687205,9731278
,,0.9742641,9731278
,,0.8203296,9731278
,,0.67530787,9731279
,,0.5294301,9731279
,,0.830048,9731279
,,0.60194092,9731279
,,0.838104836,9731280
,,1.1016114,9731280
,,0.934785968,9731280
,,0.79696492,9731281
,,0.9952117,9731281
,,1.2305196,9731281
,,0.91544976,9731281
,,1.1934584,9731282
,,0.9484825,9731282
,,1.0113251,9731282
,,0.80985576,9731282
,,0.9122271,9731283
,,0.8759716,9731283
,,0.8759716,9731283
,,1.4707118,9731284
,,0.6277729,9731284
,,1.2127947,9731284
,,1.0790523,9731284
,,2.0686746,9731285
,,1.5085785,9731285
,,1.0991943,9731285
,,1.4223208,9731286
,,1.4964934,9731286
,,1.5150241,9731286
,,1.8365393,9731286
,,1.5778668,9731287
,,1.5988144,9731287
,,1.5158297,9731287
,,1.5464454,9731287
,,1.3836484,9731288
,,1.2934127,9731288
,,1.0468253,9731288
,,1.0572991,9731289
,,0.937203,9731289
,,0.7558755,9731289
,,0.58421608,9731289
,,0.6318013,9731290
,,0.7800458,9731290
,,0.7711833,9731290
,,0.75668116,9731291
,,0.53265276,9731291
,,0.4633646,9731291
,,0.46175324,9731291
,,0.60838632,9731292
,,0.32151524,9731292
,,0.7083405,9731292
,,0.0,9731292
,,0.4867292,9731293
,,0.24658732,9731293
,,0.27236894,9731293
,,0.11279469,9731294
,,0.28606544,9731294
,,0.49559168,9731294
,,0.77279464,9731294
,,0.474644068,9731295
,,0.4504738,9731295
,,0.6511376,9731295
,,0.9686244,9731296
,,1.2716594,9731296
,,1.1104738,9731296
,,1.3256397,9731296
,,1.4562095,9731297
,,1.2313253,9731297
,,1.5303318,9731297
,,1.81800868,9731297
,,1.85834284,9731298
,,1.9485786,9731298
,,2.0363972,9731298
,,2.1145982,9731299
,,2.2032228,9731299
,,2.1903316,9731299
,,2.3571572,9731299
,,2.4538384,9731300
,,2.5433188,9731300
,,2.4707576,9731300
,,2.6617532,9731301
,,2.4998124,9731301
,,2.4877272,9731301
,,2.349906,9731301
,,2.2741726,9731302
,,2.032369,9731302
,,2.120238,9731302
,,1.909906,9731302
,,1.8623712,9731303
,,1.78900432,9731303
,,1.2321309,9731303
,,1.2555458,9731304
,,1.6390982,9731304
,,1.4940764,9731304
,,1.3191943,9731304
,,0.9887663,9731305
,,0.3932204,9731305
,,0.8332707,9731305
,,0.6382467,9731305
,,0.347296868,9731306
,,0.7486244,9731306
,,0.43436024,9731306
,,0.8437446,9731307
,,0.6075807,9731307
,,0.918672464,9731307
,,0.8372991,9731307
,,0.9130327,9731308
,,0.8268254,9731308
,,0.8284367,9731308
,,0.917866736,9731309
,,0.9508995,9731309
,,0.9629847,9731309
,,1.1451179,9731309
,,1.3369192,9731310
,,1.0895262,9731310
,,1.2063492,9731310
,,1.5939803,9731310
,,1.4054017,9731311
,,1.3151659,9731311
,,1.3715633,9731311
,,1.7785306,9731312
,,1.4255436,9731312
,,1.9284368,9731312
,,1.71649336,9731312
,,1.4037904,9731313
,,1.7108536,9731313
,,1.8107576,9731313
,,1.9171572,9731313
,,1.1845961,9731314
,,1.157203,9731314
,,1.134644,9731314
,,1.6713756,9731315
,,0.7784344,9731315
,,0.9428427,9731315
,,1.1032226,9731315
,,1.1112794,9731316
,,0.9533165,9731316
,,0.36099336,9731316
,,0.6616113,9731317
,,0.62052184,9731317
,,0.64066376,9731317
,,0.64388644,9731317
,,0.6559716,9731318
,,0.37871824,9731318
,,0.474644068,9731318
,,0.5431266,9731318
,,0.3634104,9731319
,,0.4036942,9731319
,,0.45530784,9731319
,,0.8598581,9731320
,,1.0621332,9731320
,,1.4554039,9731320
,,0.0886244,9731320
,,0.5165392,9731321
,,0.192556652,9731321
,,1.2111833,9731321
,,1.6326528,9731322
,,1.682655,9731322
,,1.4021789,9731322
,,1.2893842,9731322
,,1.0274388,9731323
,,1.6882948,9731323
,,1.5963973,9731323
,,0.6712795,9731323
,,0.74701304,9731324
,,1.4432685,9731324
,,1.78819868,9731324
,,1.7398582,9731325
,,1.3602837,9731325
,,1.2499062,9731325
,,1.4424628,9731325
,,0.9517052,9731326
,,1.0234103,9731326
,,1.1169192,9731326
,,1.3481986,9731326
,,1.0331288,9731327
,,1.2232685,9731327
,,1.0460197,9731327
,,1.1193361,9731328
,,1.0331288,9731328
,,0.6213275,9731328
,,0.55601732,9731328
,,0.5697139,9731329
,,0.4295262,9731329
,,0.3529366,9731329
,,0.65355456,9731330
,,0.24175326,9731330
,,0.21436026,9731330
,,0.435971616,9731330
,,0.4528908,9731331
,,0.27317464,9731331
,,0.32715496,9731331
,,0.032227056,9731331
,,0.38919202,9731332
,,0.48350652,9731332
,,0.22402838,9731332
,,0.0918471,9731333
,,0.219194308,9731333
,,0.937203,9731333
,,0.1869169,9731333
,,0.6849759,9731334
,,0.23127946,9731334
,,0.39966584,9731334
,,0.9629847,9731334
,,0.5382925,9731335
,,1.6358755,9731335
,,1.485214,9731335
,,1.7438865,9731336
,,1.4787686,9731336
,,1.4739345,9731336
,,1.577061,9731336
,,1.544834,9731337
,,1.6084825,9731337
,,1.5408056,9731337
,,1.7213274,9731338
,,1.4787686,9731338
,,1.76322268,9731338
,,1.6721812,9731338
,,1.7116594,9731339
,,1.6157336,9731339
,,2.1548822,9731339
,,1.99450216,9731339
,,1.1032226,9731340
,,2.0735088,9731340
,,1.6874892,9731340
,,2.0727032,9731341
,,1.40943,9731341
,,1.0048798,9731341
,,1.5504737,9731341
,,1.0105195,9731342
,,1.3610895,9731342
,,1.107251,9731342
,,0.98151517,9731343
,,0.97104148,9731343
,,0.5455436,9731343
,,0.4432227,9731343
,,1.0983887,9731344
,,0.8179125,9731344
,,0.96701304,9731344
,,0.4665873,9731344
,,0.23611354,9731345
,,0.435165936,9731345
,,1.0653559,9731345
,,0.30056764,9731346
,,0.6527489,9731346
,,0.9927947,9731346
,,0.71559168,9731346
,,0.89772488,9731347
,,0.7437903,9731347
,,1.0048798,9731347
,,1.1999038,9731348
,,1.1354496,9731348
,,1.1362554,9731348
,,1.0863035,9731348
,,1.1475348,9731349
,,1.2410437,9731349
,,1.3691462,9731349
,,1.4811857,9731349
,,1.5005218,9731350
,,1.5383886,9731350
,,1.8276768,9731350
,,1.88493008,9731351
,,1.7108536,9731351
,,1.83170516,9731351
,,1.84862452,9731351
,,1.8099519,9731352
,,2.100096,9731352
,,2.1009016,9731352
,,1.975166,9731353
,,1.62943,9731353
,,1.4940764,9731353
,,2.3950238,9731353
,,1.3731747,9731354
,,1.677821,9731354
,,1.7172991,9731354
,,1.2031266,9731354
,,1.257963,9731355
,,1.5859236,9731355
,,1.2240741,9731355
,,0.95815052,9731356
,,1.0217991,9731356
,,1.0790523,9731356
,,0.8687205,9731356
,,0.742179,9731357
,,0.435165936,9731357
,,0.9057816,9731357
,,0.96056768,9731357
,,0.84535584,9731358
,,0.786491136,9731358
,,0.7913253,9731358
,,0.932369,9731359
,,1.1934584,9731359
,,1.0814694,9731359
,,1.6568734,9731359
,,0.9508995,9731360
,,1.6673472,9731360
,,1.6286243,9731360
,,2.245118,9731361
,,2.182275,9731361
,,2.1137924,9731361
,,2.4514212,9731361
,,1.9679148,9731362
,,1.416681,9731362
,,1.7172991,9731362
,,2.2467292,9731362
,,2.2402838,9731363
,,2.3676312,9731363
,,1.9381048,9731363
,,2.0992904,9731364
,,1.5303318,9731364
,,1.5980088,9731364
,,1.6874892,9731364
,,1.93327068,9731365
,,1.6366811,9731365
,,0.9790982,9731365
,,1.7189104,9731366
,,1.4158754,9731366
,,1.2466835,9731366
,,1.6286243,9731366
,,1.0556878,9731367
,,0.7961593,9731367
,,0.6463035,9731367
,,0.84938424,9731367
,,0.34487984,9731368
,,0.435971616,9731368
,,0.20383612,9731368
,,0.14905013,9731369
,,0.0,9731369
,,0.08701304,9731369
,,0.11521172,9731369
,,0.22886244,9731370
,,0.0,9731370
,,0.020947584,9731370
,,0.30781874,9731370
,,0.0,9731371
,,0.16838636,9731371
,,0.475449736,9731371
,,0.139382,9731372
,,0.0,9731372
,,0.9968231,9731372
,,0.5439322,9731372
,,0.36905012,9731373
,,0.69706104,9731373
,,0.98473792,9731373
,,1.214406,9731374
,,1.3111376,9731374
,,1.4803798,9731374
,,1.5158297,9731374
,,0.965401664,9731375
,,1.86398268,9731375
,,1.2555458,9731375
,,1.5432228,9731375
,,1.3925108,9731376
,,1.4029847,9731376
,,1.6915176,9731376
,,1.3651179,9731377
,,1.5230808,9731377
,,1.6262074,9731377
,,1.4005675,9731377
,,1.5238864,9731378
,,1.2103777,9731378
,,1.3965392,9731378
,,1.1064454,9731378
,,0.9960174,9731379
,,1.2619914,9731379
,,1.6165392,9731379
,,1.5520852,9731380
,,1.0395743,9731380
,,1.6036484,9731380
,,1.1008056,9731380
,,1.535166,9731381
,,0.7945479,9731381
,,0.609192,9731381
,,0.8413275,9731382
,,0.207109168,9731382
,,0.9339803,9731382
,,1.5681987,9731382
,,0.34407416,9731383
,,1.0685786,9731383
,,0.33118334,9731383
,,1.07019,9731383
,,0.5028428,9731384
,,0.9259235,9731384
,,0.9001419,9731384
,,1.1281986,9731385
,,0.39966584,9731385
,,1.035546,9731385
,,0.8437446,9731385
,,0.6487205,9731386
,,0.854218336,9731386
,,0.917866736,9731386
,,1.3127489,9731386
,,1.1330327,9731387
,,0.98151517,9731387
,,1.242655,9731387
,,1.0975829,9731388
,,1.427155,9731388
,,0.965401664,9731388
,,1.1854017,9731388
,,1.297441,9731389
,,1.5633646,9731389
,,1.2982468,9731389
,,1.4682947,9731390
,,1.1813732,9731390
,,1.3046922,9731390
,,1.047631,9731390
,,1.1410894,9731391
,,1.047631,9731391
,,0.94445416,9731391
,,1.1805676,9731391
,,1.2079606,9731392
,,0.5229847,9731392
,,1.0282445,9731392
,,0.34165712,9731393
,,0.3456855,9731393
,,0.60516364,9731393
,,0.8211352,9731393
,,0.68417024,9731394
,,0.09748684,9731394
,,0.6785306,9731394
,,0.65919436,9731395
,,0.52701308,9731395
,,0.55601732,9731395
,,1.0081025,9731395
,,0.22725108,9731396
,,0.48511784,9731396
,,0.3086244,9731396
,,0.4770611,9731396
,,0.55118332,9731397
,,0.58743876,9731397
,,0.74701304,9731397
,,0.736539236,9731398
,,0.7220371,9731398
,,1.0564934,9731398
,,1.0274388,9731398
,,1.2297138,9731399
,,1.4674891,9731399
,,2.2410894,9731399
,,2.084788,9731400
,,2.1532708,9731400
,,1.9381048,9731400
,,2.0283406,9731400
,,2.0807598,9731401
,,2.4046922,9731401
,,2.347489,9731401
,,2.3837448,9731401
,,2.335404,9731402
,,2.3249302,9731402
,,2.432891,9731402
,,2.3458776,9731403
,,2.2733668,9731403
,,2.2273932,9731403
,,2.2225588,9731403
,,2.5433188,9731404
,,1.895404,9731404
,,2.1113756,9731404
,,1.485214,9731405
,,2.297537,9731405
,,1.4118471,9731405
,,2.0525108,9731405
,,1.1676767,9731406
,,0.949288136,9731406
,,1.2264912,9731406
,,1.1314213,9731406
,,1.2200457,9731407
,,1.1580087,9731407
,,0.6285786,9731407
,,0.7655436,9731408
,,0.8840284,9731408
,,0.342462768,9731408
,,0.32393226,9731408
,,0.47947812,9731409
,,0.5366811,9731409
,,0.6712795,9731409
,,0.6156375,9731410
,,0.46497596,9731410
,,0.1909453,9731410
,,0.63421832,9731410
,,0.46900432,9731411
,,0.355353632,9731411
,,0.7317052,9731411
,,1.2966354,9731411
,,1.1580087,9731412
,,0.98554352,9731412
,,1.075024,9731412
,,1.0637446,9731413
,,0.87436024,9731413
,,1.4102358,9731413
,,1.83089952,9731413
,,1.927631,9731414
,,1.8010895,9731414
,,1.8083406,9731414
,,1.4416572,9731414
,,2.0243122,9731415
,,2.0799542,9731415
,,1.2708538,9731415
,,1.92038,9731416
,,1.89056984,9731416
,,1.84781868,9731416
,,1.5972029,9731416
,,1.6882948,9731417
,,1.5287205,9731417
,,1.4666835,9731417
,,1.3353078,9731418
,,1.1443122,9731418
,,1.1153078,9731418
,,1.1378668,9731418
,,0.9355917,9731419
,,0.687393,9731419
,,1.2491004,9731419
,,1.0234103,9731419
,,0.209526216,9731420
,,0.427914836,9731420
,,0.48914624,9731420
,,0.06848249,9731421
,,0.6745022,9731421
,,1.1451179,9731421
,,0.385969336,9731421
,,0.0064454108,9731422
,,1.2781049,9731422
,,0.0918471,9731422
,,0.37388416,9731422
,,0.6382467,9731423
,,0.0,9731423
,,0.4980087,9731423
,,0.58502176,9731424
,,0.31023574,9731424
,,0.824358,9731424
,,0.6059693,9731424
,,0.49559168,9731425
,,1.0718013,9731425
,,1.1209475,9731425
,,1.0072968,9731426
,,1.1636484,9731426
,,1.2410437,9731426
,,1.0975829,9731426
,,1.2248799,9731427
,,1.1443122,9731427
,,1.3167774,9731427
,,1.3828428,9731427
,,1.3320851,9731428
,,1.2982468,9731428
,,0.97104148,9731428
,,1.0822752,9731429
,,1.0975829,9731429
,,1.3465873,9731429
,,0.7961593,9731429
,,0.72687112,9731430
,,0.8106615,9731430
,,0.7510414,9731430
,,0.85824668,9731430
,,0.6124147,9731431
,,0.51251084,9731431
,,0.50928816,9731431
,,0.385969336,9731432
,,0.33279468,9731432
,,0.2949279,9731432
,,0.92189512,9731432
,,0.004028382,9731433
,,0.7961593,9731433
,,1.1112794,9731433
,,1.0274388,9731434
,,0.013696497,9731434
,,0.687393,9731434
,,0.8050217,9731434
,,0.14341038,9731435
,,0.14099336,9731435
,,0.8590524,9731435
,,0.8872511,9731435
,,0.55440604,9731436
,,0.50848248,9731436
,,0.9001419,9731436
,,0.85019,9731437
,,0.8969192,9731437
,,0.8654978,9731437
,,1.1684826,9731437
,,0.9468711,9731438
,,1.2305196,9731438
,,1.3038864,9731438
,,1.4215152,9731438
,,1.5222751,9731439
,,1.457821,9731439
,,1.1612314,9731439
,,1.95180132,9731440
,,2.1379628,9731440
,,2.034786,9731440
,,2.2684824,9731440
,,2.0557336,9731441
,,2.103319,9731441
,,1.90184932,9731441
,,1.9799999,9731442
,,1.6745982,9731442
,,2.0872054,9731442
,,1.7390524,9731442
,,1.6544564,9731443
,,1.7688624,9731443
,,1.8099519,9731443
,,1.5271092,9731443
,,1.0129366,9731444
,,0.54151524,9731444
,,0.717203,9731444
,,1.0298558,9731445
,,0.9057816,9731445
,,1.047631,9731445
,,1.1402838,9731445
,,0.7236484,9731446
,,0.6293843,9731446
,,0.58743876,9731446
,,0.64388644,9731446
,,0.2699519,9731447
,,0.5213733,9731447
,,0.46255892,9731447
,,0.39563744,9731448
,,0.33682304,9731448
,,0.05962005,9731448
,,0.1361593,9731448
,,0.32393226,9731449
,,0.7139803,9731449
,,0.689810036,9731449
,,0.63341268,9731450
,,0.9508995,9731450
,,0.48028384,9731450
,,1.2781049,9731450
,,1.0959716,9731451
,,0.8090501,9731451
,,1.0185763,9731451
,,1.97758284,9731452
,,1.9638864,9731452
,,1.5593363,9731452
,,1.4029847,9731452
,,1.45057,9731453
,,2.19436,9731453
,,1.624596,9731453
,,2.2008056,9731453
,,1.9340764,9731454
,,2.0646462,9731454
,,2.4304738,9731454
,,1.9236026,9731455
,,1.9590524,9731455
,,1.9131288,9731455
,,2.0339802,9731455
,,2.092845,9731456
,,1.86559384,9731456
,,1.6431265,9731456
,,1.962275,9731457
,,1.5085785,9731457
,,1.675404,9731457
,,1.4174868,9731457
,,1.4691005,9731458
,,1.505356,9731458
,,1.3208057,9731458
,,0.8695262,9731458
,,1.035546,9731459
,,1.0177706,9731459
,,1.5222751,9731459
,,0.876777232,9731460
,,1.2611855,9731460
,,2.054122,9731460
,,1.6262074,9731460
,,1.9590524,9731461
,,0.7913253,9731461
,,1.5690043,9731461
,,0.706729236,9731461
,,1.0169649,9731462
,,1.2797161,9731462
,,0.9396201,9731462
,,1.4199039,9731463
,,1.8010895,9731463
,,1.9413274,9731463
,,1.3135545,9731463
,,1.7269672,9731464
,,1.4263493,9731464
,,1.6713756,9731464
,,1.0879148,9731465
,,1.94938432,9731465
,,1.5963973,9731465
,,1.78900432,9731465
,,1.3917052,9731466
,,1.572227,9731466
,,1.872845,9731466
,,1.822037,9731466
,,1.6520393,9731467
,,1.84620732,9731467
,,1.6133165,9731467
,,1.6141223,9731468
,,1.342559,9731468
,,0.87436024,9731468
,,0.8928908,9731468
,,1.1974868,9731469
,,0.6479148,9731469
,,1.0387685,9731469
,,0.7824628,9731469
,,0.50687116,9731470
,,0.30217898,9731470
,,0.37710688,9731470
,,0.63421832,9731471
,,0.17563744,9731471
,,0.47625544,9731471
,,0.6962554,9731471
,,0.32232088,9731472
,,0.8268254,9731472
,,0.17080338,9731472
,,0.0,9731473
,,0.5133165,9731473
,,0.5278187,9731473
,,0.3456855,9731473
,,0.61805444,9731474
,,0.7977706,9731474
,,0.35374228,9731474
,,0.18772258,9731474
,,0.87436024,9731475
,,0.12487984,9731475
,,0.32232088,9731475
,,1.1491462,9731476
,,1.0742183,9731476
,,0.735733568,9731476
,,1.2507118,9731476
,,1.1741222,9731477
,,1.2007096,9731477
,,1.3780086,9731477
,,1.1410894,9731477
,,1.5472511,9731478
,,1.4021789,9731478
,,1.2039322,9731478
,,1.3643122,9731479
,,1.5746441,9731479
,,1.80914632,9731479
,,1.8720394,9731479
,,2.1041246,9731480
,,1.262797,9731480
,,2.1508538,9731480
,,2.027535,9731481
,,1.4860196,9731481
,,1.98966816,9731481
,,1.7414694,9731481
,,1.0734126,9731482
,,1.1281986,9731482
,,1.5617533,9731482
,,1.4892424,9731482
,,1.5182466,9731483
,,0.8219409,9731483
,,0.676919136,9731483
,,0.16758068,9731484
,,0.85019,9731484
,,0.35857632,9731484
,,0.67933624,9731484
,,0.70995192,9731485
,,0.200613416,9731485
,,0.23208516,9731485
,,0.22402838,9731486
,,0.221611344,9731486
,,0.5592401,9731486
,,0.347296868,9731486
,,0.37388416,9731487
,,0.59388416,9731487
,,0.7180087,9731487
,,0.7276768,9731487
,,0.7687663,9731488
,,0.7784344,9731488
,,0.51009384,9731488
,,0.67530787,9731489
,,0.7252598,9731489
,,0.481895168,9731489
,,0.8638865,9731489
,,0.7985763,9731490
,,0.59388416,9731490
,,1.1096681,9731490
,,0.8630808,9731490
,,1.221657,9731491
,,1.295024,9731491
,,1.3675349,9731491
,,0.93800868,9731492
,,1.3643122,9731492
,,1.524692,9731492
,,1.1692882,9731492
,,0.6309957,9731493
,,1.544834,9731493
,,2.2185304,9731493
,,1.682655,9731494
,,1.0258274,9731494
,,1.9034608,9731494
,,0.60838632,9731494
,,1.6004257,9731495
,,1.6786266,9731495
,,1.8889586,9731495
,,0.9210895,9731495
,,1.3304738,9731496
,,0.9065873,9731496
,,0.8904738,9731496
,,0.964596032,9731497
,,0.9533165,9731497
,,0.606775,9731497
,,0.7051179,9731497
,,0.57051956,9731498
,,0.714786,9731498
,,0.6003296,9731498
,,0.55440604,9731498
,,0.5004257,9731499
,,0.77682308,9731499
,,0.364216068,9731499
,,0.959762,9731500
,,0.14985579,9731500
,,1.1145022,9731500
,,0.44563972,9731500
,,1.3135545,9731501
,,1.79706116,9731501
,,1.4699061,9731501
,,0.9363974,9731502
,,1.6625131,9731502
,,0.79293656,9731502
,,1.6415151,9731502
,,2.4635064,9731503
,,1.7857816,9731503
,,2.1025132,9731503
,,2.3088166,9731504
,,1.9066834,9731504
,,2.4345022,9731504
,,2.685974,9731504
,,2.305594,9731505
,,2.1935544,9731505
,,1.8051178,9731505
,,1.9687206,9731505
,,1.8696222,9731506
,,2.167773,9731506
,,2.1838866,9731506
,,1.9292424,9731507
,,1.9759716,9731507
,,2.0259236,9731507
,,1.85834284,9731507
,,1.6286243,9731508
,,1.6423209,9731508
,,1.4489585,9731508
,,1.104834,9731509
,,0.9468711,9731509
,,0.7180087,9731509
,,0.9790982,9731509
,,0.6986725,9731510
,,0.69706104,9731510
,,0.52862436,9731510
,,1.0008514,9731510
,,0.61483176,9731511
,,0.36743876,9731511
,,0.236919216,9731511
,,0.5552117,9731512
,,0.994406032,9731512
,,0.60113524,9731512
,,0.0,9731512
,,0.8485786,9731513
,,0.876777232,9731513
,,1.2079606,9731513
,,0.9984344,9731513
,,1.7463036,9731514
,,0.8437446,9731514
,,1.7285786,9731514
,,0.7711833,9731515
,,1.384454,9731515
,,1.767251,9731515
,,1.5222751,9731515
,,1.8623712,9731516
,,2.0670634,9731516
,,1.6584847,9731516
,,1.9695262,9731517
,,1.79786668,9731517
,,2.088011,9731517
,,1.9816114,9731517
,,1.97919432,9731518
,,2.0533164,9731518
,,1.94293884,9731518
,,1.851847,9731518
,,1.9050721,9731519
,,1.6439322,9731519
,,1.6415151,9731519
,,1.2103777,9731520
,,2.1218492,9731520
,,2.2080568,9731520
,,1.5230808,9731520
,,1.3788143,9731521
,,1.85673152,9731521
,,1.5988144,9731521
,,1.6971572,9731521
,,1.1064454,9731522
,,1.3046922,9731522
,,0.719620036,9731522
,,0.9927947,9731523
,,0.82924232,9731523
,,0.2264454,9731523
,,0.31668116,9731523
,,0.0,9731524
,,0.6712795,9731524
,,0.040283816,9731524
,,0.0,9731525
,,0.9968231,9731525
,,0.83407648,9731525
,,0.217582968,9731525
,,0.5004257,9731526
,,0.81388416,9731526
,,0.4198581,9731526
,,0.72687112,9731526
,,0.7542641,9731527
,,0.84938424,9731527
,,0.76796068,9731527
,,0.85099568,9731528
,,0.769571936,9731528
,,0.9500938,9731528
,,0.57213084,9731528
,,0.6495262,9731529
,,0.7317052,9731529
,,0.8598581,9731529
,,1.3135545,9731530
,,0.85744104,9731530
,,1.0105195,9731530
,,1.2619914,9731530
,,1.047631,9731531
,,1.1845961,9731531
,,1.0193819,9731531
,,1.4005675,9731531
,,1.0581048,9731532
,,1.1636484,9731532
,,0.78810252,9731532
,,0.60838632,9731533
,,0.93156328,9731533
,,0.5479606,9731533
,,1.84620732,9731533
,,0.5866331,9731534
,,1.5101899,9731534
,,0.44080568,9731534
,,0.2812314,9731534
,,0.98151517,9731535
,,0.799382036,9731535
,,0.435165936,9731535
,,0.982320832,9731536
,,0.8606637,9731536
,,0.5262074,9731536
,,0.452085152,9731536
,,0.459336232,9731537
,,0.5455436,9731537
,,0.32393226,9731537
,,0.5036484,9731538
,,0.86146948,9731538
,,0.93881432,9731538
,,0.7478187,9731538
,,0.6712795,9731539
,,0.8268254,9731539
,,0.38355228,9731539
,,1.2119889,9731539
,,1.644738,9731540
,,1.5359716,9731540
,,1.5665873,9731540
,,1.9711375,9731541
,,1.844596,9731541
,,1.73018992,9731541
,,1.7680568,9731541
,,1.8010895,9731542
,,1.6882948,9731542
,,1.5867292,9731542
,,0.95895624,9731542
,,2.097679,9731543
,,1.2885786,9731543
,,1.5585304,9731543
,,1.1418952,9731544
,,1.5706156,9731544
,,1.6657358,9731544
,,1.5093843,9731544
,,1.5061616,9731545
,,1.3957336,9731545
,,1.71649336,9731545
,,1.4586268,9731546
,,1.2539346,9731546
,,1.1999038,9731546
,,1.0315175,9731546
,,0.9259235,9731547
,,0.9227008,9731547
,,0.87838868,9731547
,,0.676919136,9731547
,,0.6656397,9731548
,,0.6164431,9731548
,,0.47061568,9731548
,,0.15066147,9731549
,,0.236919216,9731549
,,0.6479148,9731549
,,0.061231404,9731549
,,0.04189517,9731550
,,0.12004577,9731550
,,0.2514214,9731550
,,0.21436026,9731550
,,0.20141908,9731551
,,0.5689082,9731551
,,0.53023576,9731551
,,0.63985808,9731552
,,0.48592356,9731552
,,1.1402838,9731552
,,0.7647379,9731552
,,1.1306157,9731553
,,0.6463035,9731553
,,1.5931746,9731553
,,1.5206637,9731554
,,1.0822752,9731554
,,1.5818951,9731554
,,1.4279606,9731554
,,2.2491462,9731555
,,1.8784847,9731555
,,2.0081988,9731555
,,2.2080568,9731556
,,2.0476768,9731556
,,2.1081528,9731556
,,2.1234608,9731556
,,2.1871092,9731557
,,2.312845,9731557
,,2.3313756,9731557
,,2.3168732,9731557
,,2.2628426,9731558
,,2.1379628,9731558
,,2.1041246,9731558
,,2.0968732,9731559
,,1.98483408,9731559
,,2.1436026,9731559
,,2.054928,9731559
,,2.152465,9731560
,,1.98644532,9731560
,,1.8550698,9731560
,,1.98483408,9731561
,,2.0751202,9731561
,,1.95099568,9731561
,,1.2321309,9731561
,,1.6060655,9731562
,,1.4940764,9731562
,,1.6625131,9731562
,,1.6455436,9731562
,,0.7284824,9731563
,,1.1427008,9731563
,,1.0016571,9731563
,,0.9831266,9731564
,,1.2442664,9731564
,,1.1741222,9731564
,,0.5898558,9731564
,,0.2699519,9731565
,,1.1781506,9731565
,,1.5480567,9731565
,,1.050048,9731565
,,1.2240741,9731566
,,1.4215152,9731566
,,1.4674891,9731566
,,1.5335546,9731567
,,1.4618493,9731567
,,1.6399039,9731567
,,1.4513756,9731567
,,1.7084367,9731568
,,1.70360268,9731568
,,1.5013275,9731568
,,1.3917052,9731569
,,1.85914852,9731569
,,1.1982925,9731569
,,1.3240282,9731569
,,1.3699518,9731570
,,1.4844082,9731570
,,1.4287662,9731570
,,1.3788143,9731570
,,1.3780086,9731571
,,0.9331746,9731571
,,1.1668711,9731571
,,0.8146899,9731572
,,1.1805676,9731572
,,0.744596,9731572
,,0.43113756,9731572
,,0.31265276,9731573
,,0.473838432,9731573
,,0.53023576,9731573
,,0.39805448,9731573
,,1.1378668,9731574
,,0.5028428,9731574
,,1.1499519,9731574
,,0.12407415,9731575
,,0.14743876,9731575
,,0.0,9731575
,,0.452085152,9731575
,,0.45611356,9731576
,,0.3795239,9731576
,,0.62374452,9731576
,,0.5197619,9731577
,,0.44161136,9731577
,,0.7550698,9731577
,,0.5632685,9731577
,,0.7373449,9731578
,,0.7590982,9731578
,,0.9227008,9731578
,,1.0298558,9731578
,,0.9799039,9731579
,,0.855024064,9731579
,,1.6995744,9731579
,,2.095262,9731580
,,1.737441,9731580
,,1.9389105,9731580
,,1.8575372,9731580
,,1.5794782,9731581
,,2.1291004,9731581
,,2.0363972,9731581
,,2.1065416,9731582
,,1.0000458,9731582
,,1.4489585,9731582
,,1.9703318,9731582
,,1.4376288,9731583
,,1.6117052,9731583
,,1.2668253,9731583
,,1.5585304,9731583
,,0.96943,9731584
,,1.0879148,9731584
,,1.1966812,9731584
,,1.8212314,9731585
,,1.4174868,9731585
,,0.46255892,9731585
,,0.96056768,9731585
,,0.91142136,9731586
,,0.6293843,9731586
,,0.7115633,9731586
,,0.34326848,9731586
,,0.83246504,9731587
,,0.47142136,9731587
,,0.6132204,9731587
,,0.6293843,9731588
,,0.4641703,9731588
,,0.23611354,9731588
,,0.0,9731588
,,0.33360036,9731589
,,0.356965,9731589
,,0.3287663,9731589
,,0.48028384,9731590
,,0.117628744,9731590
,,0.4496681,9731590
,,0.304596,9731590
,,0.5149279,9731591
,,0.6318013,9731591
,,0.3827466,9731591
,,0.49317464,9731591
,,1.3699518,9731592
,,1.0436027,9731592
,,0.84777292,9731592
,,0.8808056,9731593
,,0.84535584,9731593
,,0.62374452,9731593
,,1.7809476,9731593
,,0.7123689,9731594
,,1.4997162,9731594
,,1.89379252,9731594
,,2.3297642,9731594
,,2.0621788,9731595
,,1.2547402,9731595
,,1.2007096,9731595
,,1.4634607,9731596
,,1.822037,9731596
,,1.8099519,9731596
,,1.5335546,9731596
,,1.6544564,9731597
,,1.544834,9731597
,,1.4086243,9731597
,,1.3248341,9731598
,,1.1306157,9731598
,,1.0419912,9731598
,,1.0637446,9731598
,,1.2474891,9731599
,,0.9428427,9731599
,,1.4424628,9731599
,,0.5165392,9731599
,,0.8840284,9731600
,,1.3876768,9731600
,,1.2119889,9731600
,,1.1878186,9731601
,,0.97104148,9731601
,,0.676919136,9731601
,,0.7220371,9731601
,,0.826019636,9731602
,,0.8445502,9731602
,,0.57454792,9731602
,,0.87838868,9731602
,,0.6680567,9731603
,,0.99037768,9731603
,,0.0378667868,9731603
,,0.23127946,9731604
,,0.7180087,9731604
,,0.959762,9731604
,,1.4311833,9731604
,,0.932369,9731605
,,1.88493008,9731605
,,0.88886243,9731605
,,1.3063035,9731606
,,1.5706156,9731606
,,1.6117052,9731606
,,1.9638864,9731606
,,1.9211856,9731607
,,1.9381048,9731607
,,1.9236026,9731607
,,2.115404,9731608
,,2.0525108,9731608
,,1.85587552,9731608
,,1.7495262,9731608
,,1.84781868,9731609
,,1.84056768,9731609
,,1.9187686,9731609
,,1.75113744,9731609
,,1.3651179,9731610
,,1.6237904,9731610
,,1.7753078,9731610
,,1.2982468,9731611
,,1.5061616,9731611
,,1.2877729,9731611
,,1.050048,9731611
,,1.5947859,9731612
,,1.3111376,9731612
,,1.0597162,9731612
,,0.31668116,9731613
,,0.8219409,9731613
,,0.4069169,9731613
,,1.1032226,9731613
,,1.4037904,9731614
,,0.22402838,9731614
,,1.0919433,9731614
,,0.0,9731614
,,1.1789563,9731615
,,0.28284276,9731615
,,0.451279468,9731615
,,0.7139803,9731616
,,0.815495536,9731616
,,0.97104148,9731616
,,0.9984344,9731616
,,1.2708538,9731617
,,1.2515174,9731617
,,1.4465416,9731617
,,1.3490044,9731617
,,1.5367772,9731618
,,1.4562095,9731618
,,1.76241716,9731618
,,1.7817532,9731619
,,2.063035,9731619
,,2.1838866,9731619
,,2.3160676,9731619
,,2.4119432,9731620
,,2.5167316,9731620
,,2.4667292,9731620
,,2.4506156,9731621
,,2.3096224,9731621
,,2.4602838,9731621
,,2.4167774,9731621
,,2.0380084,9731622
,,1.98402832,9731622
,,1.4642663,9731622
,,1.6407095,9731622
,,2.0984848,9731623
,,1.3280567,9731623
,,1.5545021,9731623
,,1.4029847,9731624
,,0.12407415,9731624
,,1.1209475,9731624
,,0.9525109,9731624
,,0.16435798,9731625
,,1.1660654,9731625
,,0.5995239,9731625
,,0.75668116,9731625
,,0.16516365,9731626
,,0.4134127,9731626
,,0.735733568,9731626
,,0.2675349,9731627
,,0.47222708,9731627
,,0.19819638,9731627
,,0.26431218,9731627
,,0.23127946,9731628
,,0.359382,9731628
,,0.00886244,9731628
,,0.094264136,9731629
,,0.184499884,9731629
,,0.31426412,9731629
,,0.412606968,9731629
,,0.826019636,9731630
,,0.1869169,9731630
,,0.742179,9731630
,,0.36743876,9731630
,,0.5036484,9731631
,,0.6914214,9731631
,,0.7349279,9731631
,,0.947676864,9731632
,,0.8928908,9731632
,,1.2990524,9731632
,,1.5625589,9731632
,,1.3328909,9731633
,,1.0000458,9731633
,,1.404596,9731633
,,1.5101899,9731634
,,1.5496681,9731634
,,1.6326528,9731634
,,1.0854978,9731634
,,0.85824668,9731635
,,0.8646921,9731635
,,0.97104148,9731635
,,1.0250217,9731635
,,1.1515632,9731636
,,1.2410437,9731636
,,1.1386725,9731636
,,1.0975829,9731637
,,1.1773449,9731637
,,0.9170611,9731637
,,1.0395743,9731637
,,0.96781868,9731638
,,0.66080564,9731638
,,0.7478187,9731638
,,0.8009933,9731638
,,0.5737423,9731639
,,0.7558755,9731639
,,1.2281024,9731639
,,1.0282445,9731640
,,0.9162555,9731640
,,1.1056398,9731640
,,0.70270088,9731640
,,1.035546,9731641
,,1.1402838,9731641
,,1.2869673,9731641
,,1.3908995,9731642
,,0.8703319,9731642
,,0.68094752,9731642
,,1.3135545,9731642
,,0.6817533,9731643
,,1.0685786,9731643
,,0.7123689,9731643
,,1.7068252,9731643
,,1.6882948,9731644
,,0.7220371,9731644
,,1.5496681,9731644
,,1.257963,9731645
,,1.3731747,9731645
,,1.76966816,9731645
,,1.5827008,9731645
,,1.3288624,9731646
,,1.4554039,9731646
,,1.4489585,9731646
,,1.5641702,9731646
,,1.3635066,9731647
,,1.5085785,9731647
,,1.452987,9731647
,,1.5311376,9731648
,,1.460238,9731648
,,1.1338384,9731648
,,0.8808056,9731648
,,1.1096681,9731649
,,0.8106615,9731649
,,0.9758755,9731649
,,0.99118332,9731650
,,0.64066376,9731650
,,0.7308995,9731650
,,0.6229389,9731650
,,0.5922728,9731651
,,0.39724876,9731651
,,0.347296868,9731651
,,0.5213733,9731651
,,0.13535362,9731652
,,0.54151524,9731652
,,0.70995192,9731652
,,0.342462768,9731653
,,0.16194094,9731653
,,0.5479606,9731653
,,1.0064912,9731653
,,0.25867244,9731654
,,1.3030808,9731654
,,0.66080564,9731654
,,0.5527947,9731654
,,0.88483408,9731655
,,1.2087664,9731655
,,1.2289082,9731655
,,1.1515632,9731656
,,1.1596199,9731656
,,1.3216113,9731656
,,1.2402381,9731656
,,1.4860196,9731657
,,1.6786266,9731657
,,1.6237904,9731657
,,1.7309956,9731658
,,2.1460194,9731658
,,2.063035,9731658
,,2.0388144,9731658
,,2.0936506,9731659
,,2.2354498,9731659
,,2.478059,9731659
,,2.495784,9731660
,,2.459478,9731660
,,2.5014236,9731660
,,2.5207598,9731660
,,2.4602838,9731661
,,2.687585,9731661
,,2.3813274,9731661
,,2.3337924,9731661
,,2.1871092,9731662
,,1.9590524,9731662
,,2.067869,9731662
,,2.084788,9731663
,,2.0686746,9731663
,,1.3385306,9731663
,,1.572227,9731663
,,1.4207095,9731664
,,1.5810894,9731664
,,1.0887204,9731664
,,0.96056768,9731664
,,1.0081025,9731665
,,0.56729684,9731665
,,0.4867292,9731665
,,0.7752117,9731666
,,1.0951658,9731666
,,0.7889082,9731666
,,0.7840742,9731666
,,0.7647379,9731667
,,0.68094752,9731667
,,0.705923568,9731667
,,0.87516592,9731668
,,0.94123132,9731668
,,0.60516364,9731668
,,0.74298468,9731668
,,0.89772488,9731669
,,0.76634932,9731669
,,1.0427968,9731669
,,1.2748821,9731669
,,1.1773449,9731670
,,1.3336965,9731670
,,1.4279606,9731670
,,1.492465,9731671
,,1.5311376,9731671
,,1.971943,9731671
,,1.7608056,9731671
,,1.6262074,9731672
,,1.4940764,9731672
,,1.652845,9731672
,,1.4231266,9731673
,,1.6866834,9731673
,,1.1813732,9731673
,,1.1781506,9731673
,,1.74791484,9731674
,,0.80663304,9731674
,,0.95895624,9731674
,,1.3852598,9731674
,,1.622179,9731675
,,1.1177249,9731675
,,0.9960174,9731675
,,0.7961593,9731676
,,0.4504738,9731676
,,0.76312652,9731676
,,0.7639323,9731676
,,0.63018996,9731677
,,0.66322272,9731677
,,0.77198904,9731677
,,0.45450216,9731677
,,0.37549552,9731678
,,0.444028384,9731678
,,0.21436026,9731678
,,0.50928816,9731679
,,0.689810036,9731679
,,0.774406,9731679
,,0.3255436,9731679
,,0.8211352,9731680
,,0.50928816,9731680
,,1.6874892,9731680
,,0.473838432,9731681
,,1.0379629,9731681
,,1.5456398,9731681
,,1.1032226,9731681
,,0.8235523,9731682
,,1.0387685,9731682
,,1.1209475,9731682
,,1.2184344,9731682
,,1.2845502,9731683
,,1.6334584,9731683
,,0.9662073,9731683
,,1.1854017,9731684
,,1.4376288,9731684
,,0.84535584,9731684
,,1.1032226,9731684
,,1.81962,9731685
,,1.4715174,9731685
,,1.6455436,9731685
,,1.1145022,9731685
,,1.2184344,9731686
,,1.102417,9731686
,,1.3957336,9731686
,,1.1966812,9731687
,,1.1402838,9731687
,,1.0371573,9731687
,,1.0395743,9731687
,,1.0209934,9731688
,,0.8703319,9731688
,,0.6946441,9731688
,,0.7220371,9731689
,,0.8179125,9731689
,,0.68014184,9731689
,,0.49236896,9731689
,,0.55118332,9731690
,,0.385969336,9731690
,,0.09345845,9731690
,,0.364216068,9731690
,,0.29009384,9731691
,,0.076539256,9731691
,,0.39483176,9731691
,,0.27800868,9731692
,,0.217582968,9731692
,,0.207109168,9731692
,,0.8461616,9731692
,,0.714786,9731693
,,0.347296868,9731693
,,0.53587544,9731693
,,0.61805444,9731693
,,0.20222476,9731694
,,0.8461616,9731694
,,0.963790336,9731694
,,0.907393,9731695
,,0.6914214,9731695
,,0.73009384,9731695
,,1.0540764,9731695
,,1.2982468,9731696
,,1.6004257,9731696
,,1.3530327,9731696
,,1.3715633,9731697
,,1.5134127,9731697
,,1.6568734,9731697
,,1.6729869,9731697
,,1.6834607,9731698
,,1.8002838,9731698
,,1.6334584,9731698
,,1.7309956,9731698
,,1.619762,9731699
,,1.6633189,9731699
,,2.182275,9731699
,,1.7495262,9731700
,,1.5649758,9731700
,,2.0259236,9731700
,,1.8696222,9731700
,,1.0097139,9731701
,,0.83649348,9731701
,,0.78971384,9731701
,,1.6745982,9731702
,,1.0008514,9731702
,,0.8928908,9731702
,,0.882417,9731702
,,0.9001419,9731703
,,1.0484366,9731703
,,0.33762876,9731703
,,0.7550698,9731703
,,1.1,9731704
,,0.8042161,9731704
,,0.73251084,9731704
,,0.8235523,9731705
,,0.97104148,9731705
,,0.13857633,9731705
,,0.60355232,9731705
,,0.5254017,9731706
,,0.7075349,9731706
,,0.5455436,9731706
,,0.66080564,9731706
,,0.8654978,9731707
,,1.0024628,9731707
,,1.1040284,9731707
,,1.2853559,9731708
,,1.1660654,9731708
,,1.3917052,9731708
,,1.2232685,9731708
,,1.3739803,9731709
,,1.3506157,9731709
,,1.4449302,9731709
,,1.6028427,9731710
,,1.8333166,9731710
,,1.4972992,9731710
,,1.4182925,9731710
,,1.7205218,9731711
,,1.84943016,9731711
,,1.9340764,9731711
,,1.75436032,9731712
,,2.0154498,9731712
,,1.872845,9731712
,,1.86559384,9731712
,,1.9139345,9731713
,,1.5561135,9731713
,,2.0283406,9731713
,,1.9115176,9731713
,,2.2790068,9731714
,,1.5440284,9731714
,,2.3088166,9731714
,,1.3167774,9731715
,,1.1064454,9731715
,,1.3127489,9731715
,,1.1362554,9731715
,,1.1008056,9731716
,,0.60838632,9731716
,,0.770377636,9731716
,,1.1942642,9731716
,,0.6285786,9731717
,,0.90175325,9731717
,,0.81871824,9731717
,,0.7816571,9731718
,,0.87758296,9731718
,,0.8534126,9731718
,,0.8058274,9731718
,,0.73009384,9731719
,,1.0089082,9731719
,,1.9735546,9731719
,,1.0113251,9731720
,,1.92038,9731720
,,2.2378666,9731720
,,2.1911376,9731720
,,2.0154498,9731721
,,2.1009016,9731721
,,1.952607,9731721
,,2.0872054,9731721
,,2.471563,9731722
,,2.1234608,9731722
,,2.183081,9731722
,,2.1444082,9731723
,,1.9211856,9731723
,,2.209668,9731723
,,1.577061,9731723
,,2.1742182,9731724
,,1.8155916,9731724
,,1.76966816,9731724
,,1.5851178,9731724
,,1.97919432,9731725
,,1.1362554,9731725
,,1.909906,9731725
,,1.1314213,9731726
,,1.2853559,9731726
,,1.3087206,9731726
,,1.4416572,9731726
,,0.9259235,9731727
,,0.8808056,9731727
,,0.8896681,9731727
,,0.8090501,9731728
,,0.5278187,9731728
,,0.365021732,9731728
,,0.21274892,9731728
,,0.1909453,9731729
,,0.03142138,9731729
,,0.15468985,9731729
,,0.17080338,9731729
,,0.0032227054,9731730
,,0.0,9731730
,,0.23289082,9731730
,,0.07170519,9731731
,,0.17483176,9731731
,,0.058008696,9731731
,,0.4496681,9731731
,,0.51251084,9731732
,,1.0315175,9731732
,,0.014502174,9731732
,,0.4496681,9731733
,,0.55762876,9731733
,,0.45853056,9731733
,,1.342559,9731733
,,1.4747403,9731734
,,1.4948821,9731734
,,1.0605218,9731734
,,1.5335546,9731734
,,1.460238,9731735
,,1.3715633,9731735
,,1.8397618,9731735
,,1.1378668,9731736
,,1.416681,9731736
,,1.5617533,9731736
,,1.4618493,9731736
,,1.4497642,9731737
,,1.4755459,9731737
,,1.429572,9731737
,,1.5166353,9731737
,,1.6020371,9731738
,,1.3812314,9731738
,,1.512607,9731738
,,1.3691462,9731739
,,1.2103777,9731739
,,1.5859236,9731739
,,1.2442664,9731739
,,1.382037,9731740
,,1.3852598,9731740
,,1.4779628,9731740
,,1.3095262,9731741
,,1.3312794,9731741
,,0.7035065,9731741
,,0.96217896,9731741
,,0.5600457,9731742
,,0.73009384,9731742
,,0.7478187,9731742
,,0.80824448,9731742
,,0.7607095,9731743
,,1.4787686,9731743
,,0.36179904,9731743
,,1.07019,9731744
,,1.0532708,9731744
,,0.6213275,9731744
,,0.76634932,9731744
,,1.0177706,9731745
,,0.7349279,9731745
,,0.0,9731745
,,1.187013,9731745
,,0.79051952,9731746
,,0.826019636,9731746
,,1.2458778,9731746
,,1.050048,9731747
,,1.1201419,9731747
,,1.122559,9731747
,,1.2386267,9731747
,,1.3481986,9731748
,,1.3409476,9731748
,,1.2619914,9731748
,,1.1217533,9731749
,,1.2837444,9731749
,,1.4691005,9731749
,,1.5545021,9731749
,,1.3691462,9731750
,,1.1563974,9731750
,,1.2499062,9731750
,,0.8332707,9731750
,,1.0290501,9731751
,,1.0444083,9731751
,,1.0177706,9731751
,,0.9927947,9731752
,,1.2934127,9731752
,,0.82924232,9731752
,,0.937203,9731752
,,0.94445416,9731753
,,0.3384344,9731753
,,0.60516364,9731753
,,0.9790982,9731754
,,0.4569192,9731754
,,0.69947816,9731754
,,0.5278187,9731754
,,0.11037766,9731755
,,0.47142136,9731755
,,0.12890822,9731755
,,0.89772488,9731755
,,0.52701308,9731756
,,0.42388648,9731756
,,0.409333936,9731756
,,0.49639736,9731757
,,0.67369648,9731757
,,0.7486244,9731757
,,0.77198904,9731757
,,0.7655436,9731758
,,0.8106615,9731758
,,1.0645502,9731758
,,1.0838865,9731759
,,1.34981,9731759
,,1.4473472,9731759
,,1.82848252,9731759
,,1.95421832,9731760
,,2.172607,9731760
,,2.152465,9731760
,,2.0751202,9731760
,,2.2693384,9731761
,,2.2733668,9731761
,,2.4264452,9731761
,,2.3716596,9731762
,,2.353129,9731762
,,2.3958296,9731762
,,2.4586724,9731762
,,2.3789104,9731763
,,2.4635064,9731763
,,2.280618,9731763
,,2.2410894,9731764
,,2.5030348,9731764
,,2.2169192,9731764
,,1.6520393,9731764
,,2.0363972,9731765
,,2.3837448,9731765
,,1.6745982,9731765
,,1.2676309,9731765
,,1.2337422,9731766
,,1.3627008,9731766
,,1.2756877,9731766
,,1.0436027,9731767
,,0.9355917,9731767
,,0.80985576,9731767
,,1.1008056,9731767
,,0.8389105,9731768
,,0.70108948,9731768
,,0.79051952,9731768
,,0.4504738,9731768
,,0.4907576,9731769
,,0.5060655,9731769
,,0.85663532,9731769
,,0.47222708,9731770
,,0.48028384,9731770
,,0.45450216,9731770
,,0.7051179,9731770
,,0.80663304,9731771
,,0.8872511,9731771
,,0.714786,9731771
,,0.9428427,9731772
,,1.4110415,9731772
,,1.2845502,9731772
,,1.1636484,9731772
,,0.8268254,9731773
,,1.6084825,9731773
,,1.8043122,9731773
,,1.6310414,9731773
,,1.79061568,9731774
,,2.0944564,9731774
,,2.115404,9731774
,,1.7342184,9731775
,,2.0154498,9731775
,,1.5988144,9731775
,,1.6810436,9731775
,,1.5681987,9731776
,,1.3763972,9731776
,,1.80914632,9731776
,,1.5214695,9731777
,,1.490048,9731777
,,1.3353078,9731777
,,1.3119432,9731777
,,1.2764934,9731778
,,1.1886244,9731778
,,1.1491462,9731778
,,0.963790336,9731778
,,0.8840284,9731779
,,0.8356878,9731779
,,1.5263034,9731779
,,0.5656855,9731780
,,0.97104148,9731780
,,0.9863493,9731780
,,1.1741222,9731780
,,0.57777068,9731781
,,1.452987,9731781
,,0.22241702,9731781
,,0.7542641,9731781
,,1.0758298,9731782
,,0.82763108,9731782
,,0.29734492,9731782
,,0.5737423,9731783
,,1.1322271,9731783
,,0.937203,9731783
,,0.15549552,9731783
,,0.904975936,9731784
,,1.0919433,9731784
,,0.8840284,9731784
,,0.6906157,9731785
,,1.0048798,9731785
,,0.5681025,9731785
,,1.1708995,9731785
,,0.8034104,9731786
,,0.9033646,9731786
,,1.2240741,9731786
,,0.9130327,9731786
,,1.292607,9731787
,,1.3530327,9731787
,,1.3304738,9731787
,,1.1829846,9731788
,,1.342559,9731788
,,1.0201877,9731788
,,1.054882,9731788
,,1.1926528,9731789
,,1.209572,9731789
,,1.0427968,9731789
,,1.0605218,9731789
,,0.79293656,9731790
,,1.1878186,9731790
,,0.98715496,9731790
,,0.77682308,9731791
,,0.9468711,9731791
,,0.7389563,9731791
,,0.6358297,9731791
,,0.54876624,9731792
,,0.61971616,9731792
,,0.2715633,9731792
,,0.19497368,9731793
,,0.19497368,9731793
,,0.3626047,9731793
,,0.6075807,9731793
,,0.24658732,9731794
,,0.40852828,9731794
,,0.8864454,9731794
,,1.431989,9731794
,,0.08298466,9731795
,,0.8356878,9731795
,,0.9734584,9731795
,,0.6189105,9731796
,,0.80824448,9731796
,,0.812272836,9731796
,,0.97104148,9731796
,,0.79374224,9731797
,,0.96781868,9731797
,,0.882417,9731797
,,1.0161593,9731797
,,1.1700939,9731798
,,1.1290044,9731798
,,1.4142641,9731798
,,1.3731747,9731799
,,1.3900938,9731799
,,1.5996201,9731799
,,2.0759258,9731799
,,2.2483406,9731800
,,2.1371572,9731800
,,2.0315632,9731800
,,2.097679,9731801
,,2.0090044,9731801
,,1.4940764,9731801
,,1.83170516,9731801
,,2.2032228,9731802
,,1.4473472,9731802
,,1.2748821,9731802
,,1.79142132,9731802
,,1.2434606,9731803
,,1.767251,9731803
,,1.5166353,9731803
,,0.79374224,9731804
,,1.1628428,9731804
,,1.5077729,9731804
,,0.5592401,9731804
,,1.0048798,9731805
,,0.23933622,9731805
,,0.7848798,9731805
,,0.5382925,9731806
,,0.7083405,9731806
,,0.706729236,9731806
,,0.42469212,9731806
,,0.632607,9731807
,,0.225639732,9731807
,,0.4665873,9731807
,,0.47625544,9731807
,,0.24819868,9731808
,,0.5294301,9731808
,,0.4907576,9731808
,,0.3730785,9731809
,,0.38355228,9731809
,,0.2433646,9731809
,,0.69706104,9731809
,,0.5149279,9731810
,,0.51170516,9731810
,,0.9130327,9731810
,,0.7856855,9731811
,,1.2031266,9731811
,,1.1475348,9731811
,,1.1966812,9731811
,,1.5287205,9731812
,,1.9711375,9731812
,,1.4449302,9731812
,,1.5706156,9731812
,,1.1499519,9731813
,,2.3112338,9731813
,,2.2588144,9731813
,,2.0235066,9731814
,,2.2676768,9731814
,,2.034786,9731814
,,1.86398268,9731814
,,1.98483408,9731815
,,2.0114214,9731815
,,1.7664454,9731815
,,2.0751202,9731816
,,1.8260654,9731816
,,2.1879148,9731816
,,1.85673152,9731816
,,1.6092881,9731817
,,1.76241716,9731817
,,1.3063035,9731817
,,1.5464454,9731817
,,1.242655,9731818
,,1.4255436,9731818
,,1.1515632,9731818
,,1.0008514,9731819
,,0.9936003,9731819
,,1.0532708,9731819
,,1.62943,9731819
,,1.744692,9731820
,,1.624596,9731820
,,1.297441,9731820
,,1.3699518,9731820
,,0.37549552,9731821
,,1.2168231,9731821
,,1.0306615,9731821
,,0.64308084,9731822
,,1.5335546,9731822
,,1.0250217,9731822
,,1.3610895,9731822
,,1.5271092,9731823
,,1.971943,9731823
,,1.1193361,9731823
,,1.4739345,9731824
,,1.1596199,9731824
,,0.934785968,9731824
,,1.56981,9731824
,,2.049288,9731825
,,1.6818494,9731825
,,2.142797,9731825
,,1.9485786,9731825
,,1.7471092,9731826
,,1.7712794,9731826
,,2.0484824,9731826
,,1.92440832,9731827
,,1.6915176,9731827
,,1.677821,9731827
,,1.3860654,9731827
,,1.6390982,9731828
,,1.3691462,9731828
,,1.2160174,9731828
,,1.0105195,9731828
,,1.026633,9731829
,,0.9968231,9731829
,,0.72687112,9731829
,,0.6704738,9731830
,,0.722842736,9731830
,,0.5447379,9731830
,,0.4432227,9731830
,,0.07089952,9731831
,,0.07089952,9731831
,,0.090235752,9731831
,,0.37066148,9731832
,,0.414218332,9731832
,,0.0,9731832
,,0.0,9731832
,,0.05075761,9731833
,,0.0,9731833
,,0.065259784,9731833
,,0.01772488,9731833
,,0.6696681,9731834
,,0.6309957,9731834
,,0.26672924,9731834
,,0.49559168,9731835
,,0.53023576,9731835
,,0.8872511,9731835
,,0.9460654,9731835
,,1.0436027,9731836
,,1.0234103,9731836
,,0.7018952,9731836
,,1.1217533,9731837
,,1.207155,9731837
,,1.1201419,9731837
,,1.3256397,9731837
,,1.3030808,9731838
,,1.3812314,9731838
,,1.5021331,9731838
,,1.416681,9731838
,,1.4054017,9731839
,,1.6189562,9731839
,,1.6641245,9731839
,,1.4707118,9731840
,,1.75758284,9731840
,,2.241895,9731840
,,1.81962,9731840
,,1.512607,9731841
,,1.81962,9731841
,,0.7550698,9731841
,,1.3361134,9731841
,,1.5536965,9731842
,,1.5625589,9731842
,,1.1684826,9731842
,,0.9686244,9731843
,,1.3941221,9731843
,,0.9831266,9731843
,,0.028198672,9731843
,,1.3780086,9731844
,,0.7518471,9731844
,,0.6938384,9731844
,,0.84938424,9731845
,,0.60838632,9731845
,,0.98393224,9731845
,,0.3626047,9731845
,,0.7784344,9731846
,,0.53023576,9731846
,,0.53426416,9731846
,,0.38999772,9731846
,,0.47142136,9731847
,,0.52862436,9731847
,,0.5076768,9731847
,,0.7075349,9731848
,,0.7389563,9731848
,,0.57132524,9731848
,,0.32312656,9731848
,,0.75668116,9731849
,,0.53426416,9731849
,,0.7607095,9731849
,,0.9936003,9731849
,,0.6720851,9731850
,,0.714786,9731850
,,0.9790982,9731850
,,1.299858,9731851
,,1.1757334,9731851
,,1.0524651,9731851
,,1.4489585,9731851
,,1.6568734,9731852
,,1.0323231,9731852
,,1.8051178,9731852
,,0.80663304,9731853
,,1.5955917,9731853
,,1.3199999,9731853
,,1.9936964,9731853
,,1.868011,9731854
,,1.5142183,9731854
,,0.6833646,9731854
,,1.7608056,9731854
,,1.3562554,9731855
,,1.236965,9731855
,,0.6890043,9731855
,,0.9484825,9731856
,,1.0524651,9731856
,,1.0169649,9731856
,,1.1386725,9731856
,,0.815495536,9731857
,,0.8630808,9731857
,,0.6358297,9731857
,,0.7107576,9731858
,,0.61402608,9731858
,,0.4665873,9731858
,,0.58502176,9731858
,,0.67369648,9731859
,,0.6229389,9731859
,,0.9106157,9731859
,,0.9396201,9731859
,,1.6947402,9731860
,,1.2611855,9731860
,,1.1402838,9731860
,,1.154786,9731861
,,1.2031266,9731861
,,1.1668711,9731861
,,1.6310414,9731861
,,1.1249759,9731862
,,1.4086243,9731862
,,1.7269672,9731862
,,2.1452138,9731863
,,1.4537926,9731863
,,1.5101899,9731863
,,1.8550698,9731863
,,2.090428,9731864
,,1.79544976,9731864
,,1.8300938,9731864
,,1.9679148,9731864
,,1.85914852,9731865
,,2.0944564,9731865
,,2.3329868,9731865
,,1.9566354,9731866
,,2.1685786,9731866
,,2.0001418,9731866
,,2.0315632,9731866
,,2.0662576,9731867
,,2.0517052,9731867
,,1.737441,9731867
,,1.9413274,9731868
,,1.76966816,9731868
,,1.3554497,9731868
,,1.310332,9731868
,,1.1733165,9731869
,,0.91544976,9731869
,,1.0790523,9731869
,,1.0153536,9731869
,,0.7872969,9731870
,,0.6728908,9731870
,,0.7542641,9731870
,,0.37388416,9731871
,,0.6293843,9731871
,,0.5600457,9731871
,,0.14582742,9731871
,,0.5447379,9731872
,,0.82924232,9731872
,,0.1297139,9731872
,,0.09587548,9731872
,,0.56165716,9731873
,,0.736539236,9731873
,,0.4504738,9731873
,,0.9307576,9731874
,,1.5593363,9731874
,,1.79625552,9731874
,,1.4948821,9731874
,,0.8114672,9731875
,,1.0484366,9731875
,,1.9187686,9731875
,,1.4868254,9731876
,,1.737441,9731876
,,1.812369,9731876
,,1.9050721,9731876
,,2.0283406,9731877
,,2.0210892,9731877
,,1.79625552,9731877
,,2.0065872,9731877
,,2.0081988,9731878
,,1.81800868,9731878
,,2.0227008,9731878
,,1.99691932,9731879
,,2.0235066,9731879
,,2.0654518,9731879
,,1.98966816,9731879
,,1.6326528,9731880
,,1.6745982,9731880
,,2.0339802,9731880
,,1.6133165,9731881
,,1.1201419,9731881
,,0.7236484,9731881
,,1.89298684,9731881
,,0.27236894,9731882
,,0.50525976,9731882
,,0.84535584,9731882
,,0.90175325,9731882
,,0.31668116,9731883
,,0.355353632,9731883
,,0.3158755,9731883
,,0.3803296,9731884
,,0.66322272,9731884
,,0.3795239,9731884
,,0.004028382,9731884
,,0.0,9731885
,,0.6350241,9731885
,,0.40127716,9731885
,,0.21838864,9731885
,,0.3247379,9731886
,,0.438388616,9731886
,,0.55440604,9731886
,,0.56165716,9731887
,,0.88161132,9731887
,,0.51170516,9731887
,,0.63018996,9731887
,,0.89127944,9731888
,,0.9702357,9731888
,,0.9025589,9731888
,,0.9283406,9731889
,,0.786491136,9731889
,,1.0951658,9731889
,,1.1692882,9731889
,,1.0137423,9731890
,,0.8372991,9731890
,,1.0621332,9731890
,,0.9718471,9731890
,,1.0290501,9731891
,,0.9508995,9731891
,,1.3578668,9731891
,,1.3328909,9731892
,,0.91544976,9731892
,,1.1837903,9731892
,,0.7574868,9731892
,,1.2515174,9731893
,,0.7961593,9731893
,,1.404596,9731893
,,0.78810252,9731893
,,0.79535368,9731894
,,0.7615152,9731894
,,0.42549784,9731894
,,0.50687116,9731895
,,0.60838632,9731895
,,1.107251,9731895
,,0.87436024,9731895
,,1.0726069,9731896
,,0.58824444,9731896
,,0.51573352,9731896
,,0.770377636,9731897
,,0.48914624,9731897
,,0.63663536,9731897
,,0.63018996,9731897
,,0.5584344,9731898
,,0.6761135,9731898
,,0.53265276,9731898
,,0.83649348,9731898
,,0.7083405,9731899
,,0.7574868,9731899
,,1.2224628,9731899
,,0.6414694,9731900
,,1.3796201,9731900
,,1.2837444,9731900
,,0.7582925,9731900
,,1.0339345,9731901
,,1.2982468,9731901
,,1.94293884,9731901
,,1.4416572,9731901
,,1.1491462,9731902
,,1.987251,9731902
,,1.71568784,9731902
,,1.0726069,9731903
,,1.4779628,9731903
,,1.7309956,9731903
,,1.4545983,9731903
,,1.3151659,9731904
,,1.1990981,9731904
,,1.5778668,9731904
,,1.70360268,9731905
,,1.2909956,9731905
,,1.6237904,9731905
,,1.90587768,9731905
,,1.0492424,9731906
,,1.2636026,9731906
,,1.6334584,9731906
,,1.221657,9731906
,,0.744596,9731907
,,1.1330327,9731907
,,0.9235065,9731907
,,0.6978668,9731908
,,0.6914214,9731908
,,0.51009384,9731908
,,0.3110414,9731908
,,0.7051179,9731909
,,0.44563972,9731909
,,0.39644312,9731909
,,0.33360036,9731910
,,0.43919432,9731910
,,0.48511784,9731910
,,0.29089952,9731910
,,0.33037764,9731911
,,0.26350652,9731911
,,0.31345844,9731911
,,0.3287663,9731911
,,0.28364844,9731912
,,0.724454036,9731912
,,0.6221332,9731912
,,0.676919136,9731913
,,0.73331656,9731913
,,0.68658732,9731913
,,0.8469673,9731913
,,1.2603799,9731914
,,1.4118471,9731914
,,1.987251,9731914
,,1.4844082,9731915
,,1.9759716,9731915
,,1.5963973,9731915
,,1.2321309,9731915
,,2.245118,9731916
,,2.0855936,9731916
,,2.3676312,9731916
,,2.167773,9731916
,,2.493367,9731917
,,2.2596202,9731917
,,2.2765896,9731917
,,2.266871,9731918
,,2.1645504,9731918
,,2.1645504,9731918
,,2.1073472,9731918
,,2.100096,9731919
,,1.9928908,9731919
,,2.287869,9731919
,,2.0154498,9731920
,,2.2547858,9731920
,,2.0759258,9731920
,,1.9211856,9731920
,,1.9993362,9731921
,,1.98886252,9731921
,,1.7390524,9731921
,,1.3941221,9731921
,,1.394928,9731922
,,0.9339803,9731922
,,1.5835066,9731922
,,0.7035065,9731923
,,1.4408513,9731923
,,0.89853052,9731923
,,1.1475348,9731923
,,1.0048798,9731924
,,0.90900432,9731924
,,0.5181506,9731924
,,0.44241704,9731924
,,1.2708538,9731925
,,0.9508995,9731925
,,0.60355232,9731925
,,1.1862074,9731926
,,1.0556878,9731926
,,1.2805219,9731926
,,1.8663996,9731926
,,1.3264455,9731927
,,1.5061616,9731927
,,1.4981048,9731927
,,1.5561135,9731928
,,1.71649336,9731928
,,1.342559,9731928
,,1.5754498,9731928
,,1.5794782,9731929
,,1.5593363,9731929
,,1.6552621,9731929
,,1.5327488,9731929
,,1.5746441,9731930
,,1.6036484,9731930
,,1.4771572,9731930
,,1.4062073,9731931
,,1.0379629,9731931
,,1.1797619,9731931
,,0.9726528,9731931
,,0.801799,9731932
,,0.92189512,9731932
,,0.6099977,9731932
,,0.72687112,9731932
,,0.8969192,9731933
,,0.5076768,9731933
,,1.3731747,9731933
,,0.7381506,9731934
,,0.2506157,9731934
,,0.0,9731934
,,0.10473793,9731934
,,1.2740765,9731935
,,0.33762876,9731935
,,0.5697139,9731935
,,0.6075807,9731936
,,0.17805446,9731936
,,0.09990387,9731936
,,0.5898558,9731936
,,0.46900432,9731937
,,0.4198581,9731937
,,0.7035065,9731937
,,0.5697139,9731937
,,0.687393,9731938
,,0.7832685,9731938
,,0.8026047,9731938
,,0.8791943,9731939
,,0.8622751,9731939
,,1.4029847,9731939
,,1.2966354,9731939
,,1.4658778,9731940
,,1.930048,9731940
,,1.2466835,9731940
,,1.98805668,9731941
,,1.5464454,9731941
,,1.5851178,9731941
,,1.5585304,9731941
,,1.2885786,9731942
,,1.3038864,9731942
,,1.8002838,9731942
,,2.2314214,9731942
,,1.888153,9731943
,,1.4699061,9731943
,,1.4521812,9731943
,,1.490048,9731944
,,1.54,9731944
,,0.609192,9731944
,,2.209668,9731944
,,1.0605218,9731945
,,1.1580087,9731945
,,0.410139616,9731945
,,0.83246504,9731945
,,1.0508537,9731946
,,0.56487984,9731946
,,1.0000458,9731946
,,0.6487205,9731947
,,0.6511376,9731947
,,0.7317052,9731947
,,0.68255896,9731947
,,0.5664912,9731948
,,0.5737423,9731948
,,0.30781874,9731948
,,0.3255436,9731949
,,0.10312657,9731949
,,0.12407415,9731949
,,0.219194308,9731949
,,0.0,9731950
,,0.28928816,9731950
,,0.2514214,9731950
,,0.53748684,9731950
,,0.37468984,9731951
,,0.7308995,9731951
,,0.29009384,9731951
,,0.609192,9731952
,,0.67369648,9731952
,,0.30943006,9731952
,,1.045214,9731952
,,0.7848798,9731953
,,1.3071091,9731953
,,1.627013,9731953
,,1.187013,9731953
,,1.9348822,9731954
,,1.5996201,9731954
,,1.3965392,9731954
,,1.0105195,9731955
,,1.3788143,9731955
,,1.1499519,9731955
,,1.9671092,9731955
,,1.868011,9731956
,,1.787393,9731956
,,1.5641702,9731956
,,1.644738,9731957
,,1.69876852,9731957
,,1.5303318,9731957
,,1.429572,9731957
,,1.6084825,9731958
,,1.3473929,9731958
,,1.3336965,9731958
,,1.2200457,9731958
,,1.1966812,9731959
,,0.9718471,9731959
,,1.434406,9731959
,,1.1676767,9731960
,,0.9033646,9731960
,,1.4610437,9731960
,,1.1668711,9731960
,,0.8356878,9731961
,,1.5504737,9731961
,,0.81307848,9731961
,,0.61080336,9731961
,,0.44886244,9731962
,,0.27881438,9731962
,,0.7413733,9731962
,,0.58421608,9731963
,,1.1990981,9731963
,,0.47947812,9731963
,,0.692227,9731963
,,0.5640741,9731964
,,1.0830808,9731964
,,1.0524651,9731964
,,0.51573352,9731965
,,1.3119432,9731965
,,1.4102358,9731965
,,1.3288624,9731965
,,1.6350697,9731966
,,1.4158754,9731966
,,1.6004257,9731966
,,1.6036484,9731967
,,1.6310414,9731967
,,1.92521392,9731967
,,1.99853052,9731967
,,1.7640284,9731968
,,2.0751202,9731968
,,1.95180132,9731968
,,2.0057814,9731968
,,1.6762097,9731969
,,2.0380084,9731969
,,1.851847,9731969
,,1.8817074,9731970
,,1.89056984,9731970
,,1.5303318,9731970
,,1.5214695,9731970
,,1.6729869,9731971
,,1.374786,9731971
,,1.4037904,9731971
,,1.2571572,9731972
,,1.1362554,9731972
,,1.0185763,9731972
,,1.4062073,9731972
,,1.0008514,9731973
,,0.85744104,9731973
,,1.104834,9731973
,,0.42872052,9731973
,,0.73976192,9731974
,,0.8928908,9731974
,,0.4496681,9731974
,,0.6986725,9731975
,,0.7985763,9731975
,,0.876777232,9731975
,,1.102417,9731975
,,0.412606968,9731976
,,0.9460654,9731976
,,1.2208514,9731976
,,0.99037768,9731976
,,1.0895262,9731977
,,1.1999038,9731977
,,1.1934584,9731977
,,1.3554497,9731978
,,1.4739345,9731978
,,1.5279149,9731978
,,1.5738384,9731978
,,1.6770153,9731979
,,1.75033184,9731979
,,2.1484366,9731979
,,2.1806638,9731980
,,2.4038866,9731980
,,2.402275,9731980
,,2.4804762,9731980
,,2.2886746,9731981
,,2.317679,9731981
,,2.385356,9731981
,,2.3362098,9731981
,,2.0162554,9731982
,,2.125072,9731982
,,2.00981,9731982
,,1.2789105,9731983
,,1.2103777,9731983
,,1.3038864,9731983
,,0.9235065,9731983
,,0.56487984,9731984
,,1.152369,9731984
,,1.5335546,9731984
,,1.2410437,9731985
,,1.0185763,9731985
,,0.9468711,9731985
,,0.4036942,9731985
,,0.14663309,9731986
,,0.4569192,9731986
,,0.30056764,9731986
,,0.5954955,9731986
,,0.2981506,9731987
,,0.2602838,9731987
,,0.30943006,9731987
,,0.419052432,9731988
,,0.28203704,9731988
,,0.18208284,9731988
,,0.0378667868,9731988
,,0.39241476,9731989
,,0.033838408,9731989
,,0.57132524,9731989
,,0.19175096,9731989
,,0.15146714,9731990
,,0.5826047,9731990
,,0.5689082,9731990
,,0.42146944,9731991
,,0.6696681,9731991
,,0.753458436,9731991
,,0.9887663,9731991
,,0.9210895,9731992
,,1.3530327,9731992
,,1.4634607,9731992
,,0.6269673,9731993
,,1.3465873,9731993
,,0.838104836,9731993
,,1.2499062,9731993
,,1.0685786,9731994
,,1.045214,9731994
,,1.4771572,9731994
,,1.4013733,9731994
,,1.6544564,9731995
,,1.4948821,9731995
,,1.6939346,9731995
,,1.69796284,9731996
,,1.4303776,9731996
,,1.2281024,9731996
,,1.0959716,9731996
,,0.9162555,9731997
,,0.81388416,9731997
,,0.8791943,9731997
,,1.0089082,9731997
,,0.94445416,9731998
,,0.9500938,9731998
,,0.74943008,9731998
,,0.78810252,9731999
,,0.6124147,9731999
,,0.9952117,9731999
,,1.1185305,9731999
,,0.4464454,9732000
,,1.0419912,9732000
,,0.7840742,9732000
,,0.95492784,9732001
,,1.0685786,9732001
,,0.5181506,9732001
,,1.1136966,9732001
,,1.1555916,9732002
,,0.69544976,9732002
,,1.0919433,9732002
,,0.9001419,9732002
,,0.8421332,9732003
,,0.9460654,9732003
,,1.0379629,9732003
,,0.84938424,9732004
,,0.9726528,9732004
,,1.4916594,9732004
,,1.2337422,9732004
,,0.8695262,9732005
,,0.9162555,9732005
,,1.56981,9732005
,,1.5875349,9732005
,,0.8703319,9732006
,,1.4731289,9732006
,,1.5601419,9732006
,,1.5545021,9732007
,,1.4102358,9732007
,,1.3997619,9732007
,,1.4199039,9732007
,,1.3635066,9732008
,,1.4739345,9732008
,,1.3119432,9732008
,,1.0903319,9732009
,,1.0581048,9732009
,,0.78810252,9732009
,,1.1265873,9732009
,,0.871137536,9732010
,,0.5592401,9732010
,,0.56729684,9732010
,,0.6059693,9732010
,,0.410139616,9732011
,,0.6696681,9732011
,,0.29089952,9732011
,,0.49962004,9732012
,,0.6261616,9732012
,,0.24014192,9732012
,,0.09587548,9732012
,,0.36905012,9732013
,,0.15227284,9732013
,,0.7655436,9732013
,,0.371467136,9732013
,,0.947676864,9732014
,,0.24739298,9732014
,,0.5382925,9732014
,,0.7623209,9732015
,,1.0169649,9732015
,,0.7808514,9732015
,,1.3610895,9732015
,,0.92431224,9732016
,,0.7035065,9732016
,,1.1443122,9732016
,,1.2394323,9732017
,,1.4432685,9732017
,,1.5327488,9732017
,,1.6504279,9732017
,,1.799478,9732018
,,1.9816114,9732018
,,1.9534126,9732018
,,2.0452596,9732019
,,2.027535,9732019
,,2.3708536,9732019
,,2.439336,9732019
,,2.5312336,9732020
,,2.3990524,9732020
,,2.4998124,9732020
,,2.4699518,9732020
,,2.4691462,9732021
,,2.493367,9732021
,,2.5183428,9732021
,,2.2612314,9732022
,,2.135546,9732022
,,1.99691932,9732022
,,1.8825132,9732022
,,1.94535584,9732023
,,1.98402832,9732023
,,1.8623712,9732023
,,1.7205218,9732024
,,1.6939346,9732024
,,1.5271092,9732024
,,0.7808514,9732024
,,1.1314213,9732025
,,1.0032684,9732025
,,1.0572991,9732025
,,0.33360036,9732025
,,0.8654978,9732026
,,0.53023576,9732026
,,0.79374224,9732026
,,0.5334585,9732027
,,0.6124147,9732027
,,0.82274664,9732027
,,0.79374224,9732027
,,0.7454017,9732028
,,0.91464408,9732028
,,0.60194092,9732028
,,1.1555916,9732028
,,0.9363974,9732029
,,0.83488216,9732029
,,1.2410437,9732029
,,1.1209475,9732030
,,1.0782467,9732030
,,1.3199999,9732030
,,1.4392401,9732030
,,1.1845961,9732031
,,1.5585304,9732031
,,1.4715174,9732031
,,1.5609475,9732032
,,1.6125108,9732032
,,1.8526528,9732032
,,1.0887204,9732032
,,1.792227,9732033
,,0.8026047,9732033
,,1.6866834,9732033
,,2.1307118,9732033
,,1.3361134,9732034
,,1.4352118,9732034
,,2.2040284,9732034
,,1.460238,9732035
,,0.9460654,9732035
,,1.2119889,9732035
,,1.460238,9732035
,,0.74701304,9732036
,,0.76796068,9732036
,,0.7083405,9732036
,,0.98715496,9732037
,,0.50928816,9732037
,,0.5463493,9732037
,,0.51573352,9732037
,,0.6156375,9732038
,,0.489951936,9732038
,,0.412606968,9732038
,,0.39483176,9732038
,,0.5133165,9732039
,,0.16274662,9732039
,,0.3634104,9732039
,,0.66241708,9732040
,,1.0943602,9732040
,,0.94203704,9732040
,,0.52701308,9732040
,,0.8114672,9732041
,,0.96137332,9732041
,,1.397345,9732041
,,1.0016571,9732041
,,1.1241703,9732042
,,0.92511784,9732042
,,0.88161132,9732042
,,1.4376288,9732043
,,1.4884367,9732043
,,0.9887663,9732043
,,0.8034104,9732043
,,1.4110415,9732044
,,1.1386725,9732044
,,0.8856397,9732044
,,1.1749278,9732045
,,1.4352118,9732045
,,1.4118471,9732045
,,1.4916594,9732045
,,1.384454,9732046
,,1.1136966,9732046
,,1.1233646,9732046
,,1.1845961,9732046
,,1.4811857,9732047
,,1.237821,9732047
,,1.1378668,9732047
,,1.1153078,9732048
,,1.1032226,9732048
,,0.6116091,9732048
,,0.7308995,9732048
,,0.7236484,9732049
,,0.498814336,9732049
,,0.68578168,9732049
,,0.4843122,9732049
,,0.45450216,9732050
,,0.29009384,9732050
,,0.7341222,9732050
,,0.221611344,9732051
,,0.184499884,9732051
,,0.45853056,9732051
,,0.2441703,9732051
,,0.03947814,9732052
,,0.5826047,9732052
,,0.05559167,9732052
,,0.51089952,9732053
,,0.9396201,9732053
,,0.192556652,9732053
,,0.5439322,9732053
,,0.44563972,9732054
,,0.18611124,9732054
,,1.3280567,9732054
,,1.0217991,9732054
,,1.1145022,9732055
,,0.452085152,9732055
,,1.2297138,9732055
,,1.1717051,9732056
,,1.3232226,9732056
,,1.1862074,9732056
,,1.4054017,9732056
,,1.6189562,9732057
,,1.3635066,9732057
,,1.604454,9732057
,,1.4626551,9732058
,,1.6721812,9732058
,,1.7060196,9732058
,,1.7938384,9732058
,,1.7817532,9732059
,,1.7495262,9732059
,,1.93327068,9732059
,,2.252369,9732059
,,2.2225588,9732060
,,1.98805668,9732060
,,1.7100481,9732060
,,2.0759258,9732061
,,1.75355436,9732061
,,1.3216113,9732061
,,1.1596199,9732061
,,0.9194781,9732062
,,1.0306615,9732062
,,0.9960174,9732062
,,1.2684367,9732062
,,1.0331288,9732063
,,0.25625542,9732063
,,1.0306615,9732063
,,0.5165392,9732064
,,0.5995239,9732064
,,1.0427968,9732064
,,0.0,9732064
,,0.33037764,9732065
,,1.0209934,9732065
,,0.7752117,9732065
,,0.36099336,9732066
,,0.4504738,9732066
,,0.452085152,9732066
,,0.3626047,9732066
,,0.68094752,9732067
,,0.5294301,9732067
,,0.655166,9732067
,,0.7381506,9732067
,,0.918672464,9732068
,,1.0323231,9732068
,,0.9130327,9732068
,,1.0484366,9732069
,,1.3272511,9732069
,,1.2127947,9732069
,,1.5271092,9732069
,,1.297441,9732070
,,1.4739345,9732070
,,1.572227,9732070
,,1.5955917,9732071
,,1.7930328,9732071
,,1.8244542,9732071
,,1.6689586,9732071
,,1.79142132,9732072
,,1.84137332,9732072
,,2.3837448,9732072
,,1.5617533,9732073
,,1.4715174,9732073
,,1.5585304,9732073
,,2.1742182,9732073
,,1.8155916,9732074
,,1.6770153,9732074
,,1.73018992,9732074
,,1.84620732,9732074
,,1.2918012,9732075
,,1.4981048,9732075
,,1.712465,9732075
,,0.90819864,9732076
,,1.6213733,9732076
,,1.0943602,9732076
,,1.1515632,9732076
,,0.8759716,9732077
,,0.92028384,9732077
,,0.81307848,9732077
,,1.0113251,9732077
,,0.7115633,9732078
,,0.947676864,9732078
,,0.94123132,9732078
,,0.5963012,9732079
,,0.9831266,9732079
,,0.4028885,9732079
,,1.257963,9732079
,,0.6543603,9732080
,,1.0718013,9732080
,,1.900238,9732080
,,1.0484366,9732081
,,1.384454,9732081
,,2.103319,9732081
,,1.74308068,9732081
,,2.0968732,9732082
,,1.8018952,9732082
,,1.76966816,9732082
,,2.0315632,9732082
,,2.308011,9732083
,,2.2193362,9732083
,,1.397345,9732083
,,2.1693842,9732084
,,2.0106158,9732084
,,1.9010436,9732084
,,1.4545983,9732084
,,1.9082948,9732085
,,1.6076769,9732085
,,1.9461615,9732085
,,1.5996201,9732085
,,1.5045502,9732086
,,1.3618951,9732086
,,1.1781506,9732086
,,1.0766354,9732087
,,1.2152118,9732087
,,0.9557336,9732087
,,0.8590524,9732087
,,0.7639323,9732088
,,0.5479606,9732088
,,0.385969336,9732088
,,0.16274662,9732089
,,0.34326848,9732089
,,0.33198902,9732089
,,0.384358,9732089
,,0.24658732,9732090
,,0.0,9732090
,,0.14099336,9732090
,,0.31990388,9732090
,,0.113600368,9732091
,,0.0,9732091
,,0.16113527,9732091
,,0.23208516,9732092
,,0.20383612,9732092
,,0.7550698,9732092
,,0.3456855,9732092
,,0.66080564,9732093
,,0.80663304,9732093
,,0.11682307,9732093
,,1.1926528,9732094
,,1.1040284,9732094
,,1.0613276,9732094
,,1.0766354,9732094
,,1.4892424,9732095
,,0.96137332,9732095
,,1.3288624,9732095
,,1.1281986,9732095
,,1.5996201,9732096
,,1.245072,9732096
,,1.2724651,9732096
,,1.4948821,9732097
,,1.3635066,9732097
,,1.3860654,9732097
,,1.4562095,9732097
,,1.4102358,9732098
,,1.6076769,9732098
,,1.3393362,9732098
,,1.4118471,9732098
,,1.4610437,9732099
,,1.1862074,9732099
,,1.9638864,9732099
,,1.4336004,9732100
,,1.9735546,9732100
,,1.416681,9732100
,,1.6310414,9732100
,,1.075024,9732101
,,1.1185305,9732101
,,0.606775,9732101
,,1.2281024,9732102
,,0.86791484,9732102
,,0.84777292,9732102
,,0.7212314,9732102
,,0.742179,9732103
,,0.8840284,9732103
,,0.75668116,9732103
,,0.9259235,9732103
,,0.475449736,9732104
,,0.96056768,9732104
,,0.9517052,9732104
,,0.2844541,9732105
,,0.43194324,9732105
,,0.74701304,9732105
,,0.25947816,9732105
,,0.61483176,9732106
,,0.71559168,9732106
,,1.0661615,9732106
,,1.067773,9732106
,,1.1136966,9732107
,,0.8687205,9732107
,,1.0774411,9732107
,,1.0315175,9732108
,,1.1515632,9732108
,,1.0250217,9732108
,,1.0661615,9732108
,,1.2418494,9732109
,,1.1958754,9732109
,,1.2821332,9732109
,,1.4086243,9732110
,,1.0734126,9732110
,,1.512607,9732110
,,1.5198581,9732110
,,1.1241703,9732111
,,1.1169192,9732111
,,1.3465873,9732111
,,1.5085785,9732111
,,0.96056768,9732112
,,1.4586268,9732112
,,1.1958754,9732112
,,1.4787686,9732113
,,0.85260696,9732113
,,1.2410437,9732113
,,1.4489585,9732113
,,0.16516365,9732114
,,0.934785968,9732114
,,1.3707576,9732114
,,0.29734492,9732115
,,0.56165716,9732115
,,1.134644,9732115
,,1.0758298,9732115
,,0.217582968,9732116
,,0.5753536,9732116
,,0.5527947,9732116
,,0.5447379,9732116
,,0.6269673,9732117
,,0.6543603,9732117
,,0.70995192,9732117
,,0.7035065,9732118
,,0.50928816,9732118
,,0.8735546,9732118
,,0.918672464,9732118
,,0.9766812,9732119
,,0.9170611,9732119
,,1.3836484,9732119
,,2.1387686,9732120
,,1.89218132,9732120
,,1.75033184,9732120
,,1.99691932,9732120
,,2.2386722,9732121
,,2.097679,9732121
,,2.2572028,9732121
,,1.98563968,9732121
,,2.2782008,9732122
,,2.1718014,9732122
,,2.382133,9732122
,,2.3740764,9732123
,,2.280618,9732123
,,2.189526,9732123
,,2.0533164,9732123
,,2.071092,9732124
,,2.1444082,9732124
,,1.9010436,9732124
,,2.745594,9732125
,,2.0146442,9732125
,,1.9654978,9732125
,,1.75677732,9732125
,,1.9477729,9732126
,,1.84298468,9732126
,,1.71488208,9732126
,,1.5730326,9732126
,,1.2789105,9732127
,,1.0951658,9732127
,,1.214406,9732127
,,0.76715496,9732128
,,0.85019,9732128
,,0.5834104,9732128
,,0.31023574,9732128
,,0.58179904,9732129
,,0.20791486,9732129
,,0.58824444,9732129
,,0.2675349,9732129
,,0.24658732,9732130
,,0.6027466,9732130
,,0.48914624,9732130
,,0.6059693,9732131
,,0.414218332,9732131
,,0.59468984,9732131
,,0.99118332,9732131
,,0.92431224,9732132
,,0.55118332,9732132
,,0.93881432,9732132
,,1.744692,9732133
,,0.8759716,9732133
,,1.5061616,9732133
,,1.6745982,9732133
,,1.1588143,9732134
,,1.92521392,9732134
,,1.85023568,9732134
,,1.5319432,9732134
,,1.56981,9732135
,,1.5867292,9732135
,,2.0500936,9732135
,,2.034786,9732136
,,2.1444082,9732136
,,1.7422751,9732136
,,1.832511,9732136
,,1.9671092,9732137
,,1.6173448,9732137
,,1.5867292,9732137
,,1.517441,9732138
,,1.3989563,9732138
,,1.3691462,9732138
,,1.2507118,9732138
,,1.2281024,9732139
,,0.98715496,9732139
,,0.86146948,9732139
,,0.51170516,9732139
,,1.5690043,9732140
,,1.0298558,9732140
,,1.0000458,9732140
,,1.1193361,9732141
,,0.58099336,9732141
,,0.8219409,9732141
,,0.39483176,9732141
,,0.7163973,9732142
,,0.62052184,9732142
,,0.74620732,9732142
,,0.7139803,9732142
,,0.77682308,9732143
,,0.81952392,9732143
,,0.9041703,9732143
,,0.6213275,9732144
,,0.55037768,9732144
,,0.7018952,9732144
,,1.0806637,9732144
,,0.89772488,9732145
,,0.53104144,9732145
,,0.6132204,9732145
,,1.0411856,9732146
,,1.0323231,9732146
,,1.0943602,9732146
,,0.9936003,9732146
,,1.1088624,9732147
,,1.2410437,9732147
,,0.98473792,9732147
,,1.152369,9732147
,,1.2942184,9732148
,,1.0919433,9732148
,,1.0613276,9732148
,,0.8663035,9732149
,,1.157203,9732149
,,0.7760174,9732149
,,1.3441702,9732149
,,1.0298558,9732150
,,1.0217991,9732150
,,0.9976287,9732150
,,0.92914624,9732151
,,0.7486244,9732151
,,0.932369,9732151
,,0.7558755,9732151
,,0.7308995,9732152
,,0.58502176,9732152
,,0.85099568,9732152
,,0.57051956,9732152
,,0.5656855,9732153
,,0.64066376,9732153
,,0.24819868,9732153
,,0.6527489,9732154
,,0.4335546,9732154
,,1.1926528,9732154
,,0.55601732,9732154
,,0.43194324,9732155
,,0.2917052,9732155
,,0.937203,9732155
,,0.51089952,9732155
,,0.4327489,9732156
,,0.68417024,9732156
,,0.7550698,9732156
,,0.8356878,9732157
,,0.70995192,9732157
,,0.774406,9732157
,,0.9968231,9732157
,,0.7574868,9732158
,,0.9508995,9732158
,,1.0177706,9732158
,,1.0758298,9732159
,,1.1112794,9732159
,,1.8083406,9732159
,,1.8260654,9732159
,,1.8913756,9732160
,,2.3063996,9732160
,,2.0363972,9732160
,,2.1935544,9732160
,,2.1556878,9732161
,,2.285452,9732161
,,1.9381048,9732161
,,1.317583,9732162
,,2.2749784,9732162
,,2.2918976,9732162
,,1.5802838,9732162
,,1.9977249,9732163
,,2.1041246,9732163
,,1.3594781,9732163
,,1.5738384,9732163
,,1.1676767,9732164
,,1.295024,9732164
,,1.0911375,9732164
,,0.77682308,9732165
,,0.95492784,9732165
,,0.882417,9732165
,,0.94445416,9732165
,,0.8114672,9732166
,,0.6189105,9732166
,,0.6309957,9732166
,,0.5399038,9732167
,,0.75023576,9732167
,,0.42872052,9732167
,,0.34326848,9732167
,,0.4528908,9732168
,,0.49478596,9732168
,,0.3940261,9732168
,,0.12246281,9732168
,,0.27720302,9732169
,,0.39886012,9732169
,,0.48592356,9732169
,,0.50525976,9732170
,,0.329572,9732170
,,0.5133165,9732170
,,0.7856855,9732170
