periodo_ms,t_vuelta_us,voltaje,t_voltaje_us,vuelta
48,79633,0.8146899,496,0
49,130504,0.79051952,821,0
48,181080,0.8638865,1119,0
49,231948,0.5568231,1409,0
48,282522,0.5584344,1694,0
48,333100,0.10312657,1980,0
48,383687,0.07170519,2267,0
48,434269,0.0,2552,0
48,485141,0.07815061,2840,0
48,535756,0.0,3126,0
48,586345,0.0,3410,0
48,637206,0.034644084,3695,0
48,687786,0.0,3983,0
48,738333,0.0,4269,0
48,788936,0.0,4554,0
48,839788,0.0,4841,0
48,890370,0.0,5126,0
48,940944,0.0,5411,0
48,991527,0.0,5695,0
48,1042072,0.85019,5981,0
,,0.23208516,6265,0
,,0.06848249,6551,0
,,0.63744104,6836,0
,,1.1483406,7121,0
,,0.7437903,7408,0
,,0.92189512,7692,0
,,0.9887663,7977,0
,,0.9927947,8263,0
,,1.416681,8547,0
,,1.4489585,8833,0
,,1.7309956,9119,0
,,1.6487663,9402,0
,,1.7406638,9688,0
,,1.6834607,9973,0
,,1.6915176,10265,0
,,1.4932708,10551,0
,,1.767251,10836,0
,,1.9606638,11120,0
,,2.275784,11406,0
,,2.0251178,11691,0
,,1.4207095,11976,0
,,1.74308068,12261,0
,,1.3288624,12547,0
,,1.5545021,12833,0
,,0.8791943,13118,0
,,1.2152118,13406,0
,,1.2103777,13691,0
,,1.0347401,13975,0
,,0.85019,14262,0
,,0.57051956,14547,0
,,0.41663536,14832,0
,,0.36179904,15116,0
,,0.5189563,15402,0
,,0.0,15687,0
,,0.05317464,15971,0
,,0.0,16257,0
,,0.025781642,16542,0
,,0.7486244,16826,0
,,0.15227284,17110,0
,,0.11521172,17395,0
,,0.029004348,17680,0
,,0.12810254,17964,0
,,0.27800868,18250,0
,,0.18208284,18535,0
,,0.4069169,18821,0
,,0.33037764,19108,0
,,0.36099336,19392,0
,,0.6269673,19676,0
,,0.52701308,19963,0
,,0.65677724,20247,0
,,0.7582925,20532,0
,,1.1193361,20817,0
,,0.9734584,21102,0
,,0.87516592,21384,0
,,1.1596199,21670,0
,,1.1934584,21954,0
,,1.4408513,22240,0
,,1.76966816,22526,0
,,1.3796201,22813,0
,,1.6004257,23097,0
,,1.8397618,23385,0
,,2.0130326,23669,0
,,1.5891461,23954,0
,,1.2869673,24240,0
,,1.7664454,24524,0
,,1.627013,24811,0
,,1.2200457,25099,0
,,1.429572,25385,0
,,1.4795742,25670,0
,,1.95180132,25959,0
,,1.4948821,26245,0
,,1.0645502,26530,0
,,1.1016114,26816,0
,,0.89772488,27101,0
,,0.677724836,27387,0
,,0.5922728,27675,0
,,0.365021732,27961,0
,,0.17563744,28247,0
,,0.24739298,28532,0
,,0.35454796,28819,0
,,0.23611354,29126,0
,,0.13454795,29766,0
,,0.176443132,30055,0
,,0.24175326,30341,0
,,0.14341038,30626,0
,,0.676919136,31012,0
,,1.2515174,31309,0
,,1.0089082,31597,0
,,1.2805219,31881,0
,,1.4948821,32540,0
,,1.79061568,32822,0
,,2.0500936,33109,0
,,2.1887204,33391,0
,,1.535166,33672,0
,,2.0106158,33955,0
,,2.2410894,34237,0
,,2.4635064,34518,0
,,2.3595744,34799,0
,,2.0920394,35081,0
,,2.142797,35362,0
,,2.1540764,35645,0
,,2.3184846,35927,0
,,2.3362098,36209,0
,,2.3587684,36491,0
,,2.115404,36773,0
,,2.1307118,37055,0
,,2.127489,37337,0
,,1.8454016,37620,0
,,1.99450216,37902,0
,,1.96630352,38183,0
,,1.76241716,38465,0
,,1.3328909,38748,0
,,1.2023209,39029,0
,,1.1378668,39313,0
,,0.8163012,39594,0
,,0.49236896,39877,0
,,0.23047378,40158,0
,,0.24578164,40440,0
,,0.01772488,40721,0
,,0.049146256,41005,0
,,0.0,41288,0
,,0.0,41571,0
,,0.0,41853,0
,,0.0,42136,0
,,0.0,42419,0
,,0.0,42701,0
,,0.0,42984,0
,,0.0,43267,0
,,0.027392994,43549,0
,,0.0096681152,43830,0
,,0.12004577,44113,0
,,0.11521172,44396,0
,,0.51009384,44679,0
,,0.6583887,44962,0
,,0.84938424,45242,0
,,0.8646921,45524,0
,,0.79374224,45803,0
,,1.71568784,46086,0
,,1.8204258,46368,0
,,1.0185763,46649,0
,,1.245072,46932,0
,,1.79544976,47215,0
,,2.1460194,47497,0
,,2.1444082,47779,0
,,1.7761135,48059,0
,,1.9131288,48340,0
,,2.0355916,48623,0
,,2.1065416,48907,0
,,2.0355916,49190,0
,,1.837345,49472,0
,,1.95099568,49756,0
,,1.682655,50037,0
,,1.6399039,50319,0
,,1.5673931,50600,0
,,1.4932708,50883,0
,,1.6544564,51165,0
,,2.0767314,51447,0
,,1.6649301,51728,0
,,0.9758755,52011,0
,,1.0153536,52293,0
,,0.9750698,52575,0
,,1.0532708,52857,0
,,0.8163012,53138,0
,,0.7252598,53421,0
,,0.37066148,53703,0
,,0.5407095,53985,0
,,0.5568231,54267,0
,,0.0,54551,0
,,0.06042573,54835,0
,,0.073316548,55118,0
,,0.0,55399,0
,,0.29734492,55681,0
,,0.5012314,55962,0
,,0.22805678,56243,0
,,0.2167773,56524,0
,,0.15307851,56806,0
,,0.020141908,57087,0
,,0.8009933,57370,0
,,0.48914624,57653,0
,,0.5004257,57936,0
,,0.7550698,58218,0
,,1.1507576,58501,0
,,0.9428427,58783,0
,,1.1136966,59065,0
,,1.2942184,59347,0
,,1.2595742,59627,0
,,1.4787686,59908,0
,,1.322417,60190,0
,,1.34981,60472,0
,,1.1378668,60754,0
,,1.0782467,61037,0
,,1.0991943,61318,0
,,1.3602837,61601,0
,,1.2152118,61885,0
,,1.1596199,62166,0
,,1.1354496,62449,0
,,0.9799039,62732,0
,,0.9170611,63014,0
,,0.65999996,63294,0
,,1.2563516,63577,0
,,0.9210895,63861,0
,,0.9960174,64141,0
,,0.774406,64424,0
,,0.56487984,64705,0
,,0.402082836,64988,0
,,0.48592356,65271,0
,,0.2514214,65551,0
,,0.0,65833,0
,,0.08540169,66114,0
,,0.3456855,66396,0
,,0.016113528,66678,0
,,0.0,66961,0
,,0.0,67243,0
,,0.18933394,67526,0
,,0.058008696,67807,0
,,0.0,68088,0
,,0.26672924,68369,0
,,0.44886244,68653,0
,,0.27236894,68933,0
,,0.36824448,69217,0
,,0.50687116,69498,0
,,0.5826047,69780,0
,,0.66241708,70062,0
,,0.8389105,70342,0
,,0.95895624,70626,0
,,0.39160908,70909,0
,,1.374786,71190,0
,,2.0202836,71474,0
,,2.0186724,71756,0
,,2.0009474,72038,0
,,1.9679148,72319,0
,,2.1661616,72600,0
,,2.2499518,72882,0
,,2.345072,73165,0
,,2.215308,73448,0
,,2.0500936,73730,0
,,2.337821,74011,0
,,2.3966352,74294,0
,,2.088011,74579,0
,,2.0049758,74862,0
,,2.0299518,75144,0
,,1.84862452,75425,0
,,1.6794324,75707,0
,,1.2934127,75989,0
,,1.6536508,76272,0
,,1.3506157,76555,0
,,1.2466835,76835,0
,,1.0959716,77118,0
,,0.7848798,77401,0
,,0.53265276,77683,0
,,0.5689082,77966,0
,,0.49962004,78249,0
,,0.5439322,78531,0
,,0.20141908,78813,0
,,0.10312657,79093,0
,,0.08701304,79375,0
,,0.03947814,79694,1
,,0.0,79981,1
,,0.0,80266,1
,,0.0,80549,1
,,0.0,80834,1
,,0.0,81119,1
,,0.0,81420,1
,,0.0,81706,1
,,0.05962005,81991,1
,,0.387580668,82275,1
,,0.26914626,82559,1
,,0.5689082,82845,1
,,0.5922728,83128,1
,,0.65033184,83409,1
,,1.1644541,83692,1
,,0.74298468,83974,1
,,1.460238,84256,1
,,1.75516592,84538,1
,,1.1668711,84819,1
,,2.3007598,85101,1
,,2.0251178,85385,1
,,2.2217532,85669,1
,,2.4320852,85952,1
,,2.245118,86232,1
,,2.4014694,86514,1
,,2.1589104,86798,1
,,2.2467292,87082,1
,,2.5231766,87365,1
,,2.5014236,87649,1
,,2.3845504,87929,1
,,2.1436026,88211,1
,,2.1089584,88494,1
,,1.92601968,88776,1
,,1.909906,89056,1
,,1.5585304,89338,1
,,1.4956877,89621,1
,,1.3159715,89903,1
,,1.1394781,90184,1
,,0.85180136,90466,1
,,0.9734584,90748,1
,,0.9122271,91030,1
,,0.8671092,91313,1
,,0.8356878,91593,1
,,0.53426416,91874,1
,,0.64388644,92156,1
,,0.37468984,92436,1
,,0.54715496,92718,1
,,0.769571936,93002,1
,,0.12810254,93285,1
,,0.25544976,93568,1
,,0.13132523,93850,1
,,0.056397344,94130,1
,,0.0,94414,1
,,0.12487984,94695,1
,,0.27236894,94976,1
,,0.6688624,95257,1
,,0.6446921,95540,1
,,0.8840284,95821,1
,,1.1990981,96104,1
,,1.3320851,96385,1
,,1.73582968,96667,1
,,1.2136003,96948,1
,,0.95895624,97229,1
,,1.7293842,97513,1
,,1.6181506,97795,1
,,1.7342184,98077,1
,,1.5545021,98359,1
,,1.9816114,98641,1
,,1.817203,98925,1
,,1.8744564,99207,1
,,1.97677732,99492,1
,,1.7809476,99773,1
,,1.4554039,100057,1
,,1.4142641,100339,1
,,1.2466835,100624,1
,,1.1499519,100906,1
,,1.0718013,101191,1
,,1.0323231,101474,1
,,0.9541222,101755,1
,,0.7437903,102039,1
,,0.7035065,102321,1
,,0.735733568,102604,1
,,0.40611124,102887,1
,,0.41175096,103169,1
,,0.35132524,103450,1
,,0.2433646,103732,1
,,0.016919204,104013,1
,,0.020947584,104295,1
,,0.0,104574,1
,,0.05962005,104858,1
,,0.0,105140,1
,,0.15388418,105420,1
,,0.0,105704,1
,,0.0,105986,1
,,0.0,106268,1
,,0.121657128,106552,1
,,0.33118334,106835,1
,,0.3626047,107118,1
,,0.06767681,107399,1
,,0.60435796,107681,1
,,0.41744108,107963,1
,,0.9726528,108246,1
,,0.8421332,108528,1
,,0.9460654,108811,1
,,1.1008056,109091,1
,,1.3780086,109373,1
,,1.2603799,109654,1
,,1.3981506,109934,1
,,1.572227,110215,1
,,1.5988144,110498,1
,,1.73018992,110780,1
,,2.0090044,111062,1
,,2.0331744,111343,1
,,2.2604258,111627,1
,,1.9961135,111908,1
,,2.0154498,112190,1
,,2.0508996,112474,1
,,1.9654978,112755,1
,,1.8768734,113037,1
,,1.922797,113317,1
,,1.5972029,113599,1
,,1.9566354,113882,1
,,1.07019,114164,1
,,1.3796201,114445,1
,,0.9130327,114730,1
,,0.57454792,115014,1
,,0.770377636,115296,1
,,0.4496681,115577,1
,,0.8106615,115861,1
,,0.58179904,116142,1
,,0.497203016,116427,1
,,0.4504738,116709,1
,,0.0,116991,1
,,0.0,117273,1
,,0.0,117556,1
,,0.0,117838,1
,,0.0,118118,1
,,0.1023209,118401,1
,,0.04592355,118685,1
,,0.00080567632,118966,1
,,0.030615702,119247,1
,,0.10715495,119528,1
,,0.33440602,119811,1
,,0.042700844,120093,1
,,0.09990387,120376,1
,,0.21838864,120658,1
,,0.37871824,120939,1
,,0.44241704,121221,1
,,0.52862436,121503,1
,,0.5447379,121785,1
,,0.78971384,122068,1
,,1.0524651,122349,1
,,1.067773,122630,1
,,1.2272968,122912,1
,,0.9106157,123196,1
,,1.2845502,123478,1
,,1.3272511,123760,1
,,1.5166353,124042,1
,,2.012227,124324,1
,,1.34981,124609,1
,,1.9155458,124889,1
,,2.2547858,125172,1
,,1.7471092,125455,1
,,2.0751202,125736,1
,,1.95099568,126016,1
,,1.5980088,126299,1
,,2.0339802,126581,1
,,1.4255436,126864,1
,,1.7438865,127148,1
,,1.0217991,127430,1
,,1.0468253,127712,1
,,1.209572,127993,1
,,0.81871824,128275,1
,,0.6422751,128555,1
,,0.5431266,128837,1
,,0.48592356,129118,1
,,0.4044999,129400,1
,,0.37630124,129680,1
,,0.43113756,129963,1
,,0.16194094,130244,1
,,0.086207376,130560,2
,,0.19336232,130847,2
,,0.10473793,131132,2
,,0.84535584,131415,2
,,0.6527489,131700,2
,,0.70028376,131982,2
,,0.7341222,132284,2
,,0.917866736,132569,2
,,1.0597162,132852,2
,,1.2289082,133139,2
,,0.7800458,133423,2
,,1.3256397,133707,2
,,1.1862074,133990,2
,,1.2877729,134274,2
,,1.5391944,134555,2
,,1.70521392,134836,2
,,1.6576791,135118,2
,,1.888153,135401,2
,,2.2177248,135684,2
,,1.975166,135965,2
,,2.0468712,136246,2
,,2.4014694,136529,2
,,2.2991486,136811,2
,,2.454644,137094,2
,,2.2507574,137375,2
,,2.2870634,137659,2
,,2.3539346,137940,2
,,2.1307118,138222,2
,,2.2765896,138504,2
,,2.1935544,138784,2
,,1.9961135,139066,2
,,1.85673152,139347,2
,,1.84137332,139629,2
,,1.3385306,139912,2
,,1.2240741,140195,2
,,1.0347401,140477,2
,,0.744596,140761,2
,,0.73009384,141042,2
,,0.7308995,141325,2
,,0.19175096,141608,2
,,0.210331868,141890,2
,,0.19819638,142173,2
,,0.121657128,142454,2
,,0.0,142739,2
,,0.0,143021,2
,,0.0,143304,2
,,0.0,143585,2
,,0.063648424,143867,2
,,0.0,144147,2
,,0.0,144430,2
,,0.0,144714,2
,,0.0,144997,2
,,0.184499884,145278,2
,,0.0,145562,2
,,0.9428427,145843,2
,,0.752652736,146127,2
,,0.94364848,146408,2
,,0.4569192,146690,2
,,0.47947812,146971,2
,,1.4940764,147256,2
,,1.1,147537,2
,,1.6366811,147818,2
,,1.407013,148100,2
,,1.8204258,148383,2
,,1.9179628,148666,2
,,1.8244542,148949,2
,,2.0759258,149229,2
,,2.0517052,149509,2
,,2.0751202,149792,2
,,2.0694802,150073,2
,,2.0404258,150357,2
,,1.97677732,150638,2
,,1.9485786,150921,2
,,2.1363516,151202,2
,,2.1701898,151485,2
,,2.0694802,151766,2
,,1.6931288,152049,2
,,1.8212314,152333,2
,,1.6052596,152613,2
,,1.97758284,152896,2
,,1.8599542,153176,2
,,1.6084825,153459,2
,,0.7317052,153740,2
,,0.5834104,154021,2
,,1.0072968,154304,2
,,0.094264136,154588,2
,,0.43436024,154870,2
,,0.029810024,155151,2
,,0.19013962,155432,2
,,0.07895628,155715,2
,,0.0,155996,2
,,0.0,156278,2
,,0.12487984,156562,2
,,0.0,156843,2
,,0.0,157125,2
,,0.11682307,157408,2
,,0.11118334,157690,2
,,0.12004577,157974,2
,,0.18288852,158255,2
,,0.4230808,158538,2
,,0.385969336,158818,2
,,0.79696492,159099,2
,,0.6543603,159381,2
,,0.7840742,159665,2
,,0.6527489,159948,2
,,1.0105195,160229,2
,,0.97829248,160512,2
,,0.85744104,160793,2
,,1.1056398,161074,2
,,1.3087206,161358,2
,,1.1676767,161639,2
,,1.4626551,161920,2
,,1.4142641,162201,2
,,1.5134127,162483,2
,,1.1,162763,2
,,1.1306157,163045,2
,,1.209572,163327,2
,,1.1878186,163610,2
,,1.3095262,163890,2
,,1.0427968,164173,2
,,1.0863035,164454,2
,,1.1491462,164736,2
,,1.0903319,165018,2
,,0.19980774,165301,2
,,0.7655436,165583,2
,,0.25786676,165867,2
,,0.5431266,166149,2
,,0.116017392,166435,2
,,0.19577934,166717,2
,,0.9065873,167000,2
,,0.6471092,167283,2
,,0.30056764,167565,2
,,0.29251088,167847,2
,,0.21274892,168129,2
,,0.20791486,168411,2
,,0.09748684,168692,2
,,0.29895628,168974,2
,,0.10796063,169258,2
,,0.10151522,169538,2
,,0.19900206,169820,2
,,0.16516365,170103,2
,,0.28042572,170385,2
,,0.25867244,170667,2
,,0.4980087,170948,2
,,0.8203296,171229,2
,,0.8654978,171511,2
,,1.0903319,171793,2
,,1.221657,172076,2
,,1.457821,172358,2
,,1.5601419,172640,2
,,1.4956877,172923,2
,,1.930048,173207,2
,,1.95099568,173488,2
,,1.6366811,173770,2
,,1.7438865,174051,2
,,2.1162096,174331,2
,,2.0315632,174613,2
,,2.5215654,174896,2
,,1.6399039,175178,2
,,2.0581506,175462,2
,,1.5802838,175744,2
,,1.7817532,176025,2
,,1.872845,176309,2
,,1.460238,176591,2
,,0.95492784,176873,2
,,1.3071091,177155,2
,,1.3860654,177436,2
,,1.4078187,177721,2
,,0.965401664,178003,2
,,1.2700482,178283,2
,,1.0024628,178563,2
,,0.8042161,178846,2
,,0.60838632,179128,2
,,0.46175324,179410,2
,,0.5189563,179693,2
,,0.07412223,179976,2
,,0.0056397348,180256,2
,,0.007251087,180539,2
,,0.0,180820,2
,,0.0,181135,3
,,0.0,181421,3
,,0.0,181709,3
,,0.0,181992,3
,,0.0,182275,3
,,0.0,182558,3
,,0.0,182860,3
,,0.14421608,183147,3
,,0.28606544,183431,3
,,0.3529366,183714,3
,,0.18772258,184000,3
,,0.0048340576,184285,3
,,0.10473793,184566,3
,,0.5390982,184849,3
,,0.9170611,185134,3
,,1.537583,185416,3
,,1.8300938,185698,3
,,1.792227,185981,3
,,1.7986724,186262,3
,,1.7060196,186545,3
,,1.95019,186826,3
,,2.1661616,187110,3
,,2.3789104,187392,3
,,2.3942182,187676,3
,,2.4433644,187957,3
,,2.3885786,188240,3
,,2.3789104,188522,3
,,2.4506156,188805,3
,,2.3627968,189087,3
,,2.2959258,189370,3
,,2.2717554,189650,3
,,2.1838866,189932,3
,,2.0001418,190215,3
,,1.8155916,190498,3
,,1.5810894,190777,3
,,1.8873472,191058,3
,,1.1410894,191340,3
,,1.5021331,191621,3
,,0.7687663,191903,3
,,0.7615152,192186,3
,,1.2869673,192467,3
,,0.7308995,192750,3
,,0.9936003,193032,3
,,0.705923568,193314,3
,,0.6849759,193598,3
,,0.061231404,193879,3
,,0.16355228,194158,3
,,0.049951932,194440,3
,,0.1401877,194723,3
,,0.0,195005,3
,,0.1836942,195289,3
,,0.11682307,195570,3
,,0.219194308,195850,3
,,0.0,196133,3
,,0.801799,196416,3
,,0.69544976,196697,3
,,0.7977706,196979,3
,,0.76715496,197260,3
,,0.69544976,197542,3
,,0.7808514,197825,3
,,1.1596199,198107,3
,,1.1273929,198390,3
,,1.3135545,198671,3
,,1.5988144,198954,3
,,1.6995744,199236,3
,,1.6858778,199516,3
,,1.851847,199797,3
,,1.5577248,200083,3
,,1.5408056,200365,3
,,1.70279692,200647,3
,,1.6471549,200929,3
,,1.5263034,201212,3
,,1.3981506,201495,3
,,1.3667292,201777,3
,,1.377203,202060,3
,,1.102417,202340,3
,,1.0556878,202624,3
,,1.0967772,202907,3
,,0.96217896,203188,3
,,1.1660654,203470,3
,,0.8969192,203752,3
,,0.9267292,204034,3
,,0.48511784,204316,3
,,0.4367773,204597,3
,,0.049951932,204881,3
,,0.43919432,205163,3
,,0.37388416,205445,3
,,0.3561593,205728,3
,,0.0,206009,3
,,0.034644084,206290,3
,,0.0,206570,3
,,0.0386724616,206852,3
,,0.0,207134,3
,,0.0,207415,3
,,0.4432227,207695,3
,,0.17886014,207978,3
,,0.229668116,208261,3
,,0.31023574,208543,3
,,0.4198581,208825,3
,,0.481895168,209105,3
,,0.57213084,209387,3
,,0.6559716,209668,3
,,0.8461616,209951,3
,,0.9629847,210233,3
,,1.1813732,210513,3
,,1.0774411,210796,3
,,1.735024,211078,3
,,1.844596,211359,3
,,1.92440832,211641,3
,,1.85587552,211924,3
,,2.0646462,212205,3
,,2.127489,212487,3
,,2.0468712,212771,3
,,2.3482948,213055,3
,,2.0654518,213337,3
,,2.0743146,213619,3
,,1.644738,213900,3
,,1.9816114,214183,3
,,1.3441702,214464,3
,,1.4360174,214744,3
,,1.0169649,215027,3
,,1.3159715,215309,3
,,1.4327946,215590,3
,,1.5633646,215872,3
,,1.0169649,216155,3
,,0.9968231,216438,3
,,0.7856855,216720,3
,,0.381135268,217002,3
,,0.37227284,217284,3
,,0.05559167,217566,3
,,0.12729685,217849,3
,,0.10312657,218131,3
,,0.0,218411,3
,,0.0,218693,3
,,0.0,218975,3
,,0.0,219257,3
,,0.0,219540,3
,,0.01772488,219824,3
,,0.0,220106,3
,,0.0,220388,3
,,0.0,220671,3
,,0.0,220955,3
,,0.38355228,221240,3
,,0.05559167,221521,3
,,0.10393225,221804,3
,,0.058008696,222086,3
,,0.16435798,222368,3
,,0.386775,222651,3
,,0.4432227,222934,3
,,0.83649348,223217,3
,,0.69947816,223500,3
,,1.0863035,223781,3
,,1.3071091,224064,3
,,1.344976,224346,3
,,1.644738,224627,3
,,1.5279149,224910,3
,,1.6850721,225191,3
,,2.054122,225475,3
,,2.291092,225757,3
,,2.1025132,226041,3
,,1.660096,226323,3
,,2.3942182,226604,3
,,2.0267294,226887,3
,,2.302371,227169,3
,,1.90748916,227451,3
,,2.0146442,227733,3
,,1.7285786,228016,3
,,1.5287205,228299,3
,,1.4432685,228582,3
,,1.2740765,228865,3
,,1.265214,229147,3
,,1.0669672,229431,3
,,0.7542641,229714,3
,,0.72687112,229998,3
,,0.60435796,230279,3
,,0.48108948,230562,3
,,0.61483176,230842,3
,,0.79293656,231126,3
,,0.60838632,231407,3
,,0.4295262,231690,3
,,1.0048798,232003,4
,,0.45450216,232288,4
,,0.45772488,232571,4
,,0.6027466,232855,4
,,0.69706104,233137,4
,,0.56165716,233421,4
,,0.65033184,233723,4
,,0.43436024,234009,4
,,1.2386267,234292,4
,,0.6132204,234578,4
,,0.68014184,234862,4
,,0.982320832,235145,4
,,0.9573449,235426,4
,,1.3361134,235708,4
,,1.3707576,235990,4
,,1.8099519,236272,4
,,2.054122,236555,4
,,1.9179628,236836,4
,,1.92521392,237118,4
,,1.837345,237400,4
,,2.0283406,237681,4
,,2.2016112,237963,4
,,2.241895,238246,4
,,2.4369192,238526,4
,,2.3160676,238809,4
,,2.2927032,239089,4
,,2.370048,239371,4
,,2.3563516,239652,4
,,2.103319,239935,4
,,1.95985808,240216,4
,,1.9703318,240497,4
,,1.5955917,240779,4
,,1.712465,241060,4
,,1.3570612,241341,4
,,1.3183887,241624,4
,,1.012131,241906,4
,,0.7163973,242187,4
,,0.8421332,242470,4
,,0.66241708,242753,4
,,0.3384344,243036,4
,,0.5020371,243316,4
,,0.2167773,243599,4
,,0.09909819,243880,4
,,0.15227284,244162,4
,,0.016113528,244445,4
,,0.0,244726,4
,,0.0,245009,4
,,0.05478599,245292,4
,,0.10312657,245574,4
,,0.06042573,245857,4
,,0.0,246140,4
,,0.17966582,246423,4
,,0.60194092,246705,4
,,0.5987182,246987,4
,,0.34165712,247268,4
,,0.8397162,247551,4
,,0.735733568,247836,4
,,0.817106836,248121,4
,,1.0000458,248402,4
,,1.3328909,248685,4
,,1.4473472,248967,4
,,1.3199999,249250,4
,,1.71649336,249532,4
,,1.875262,249814,4
,,1.76966816,250096,4
,,1.8067292,250380,4
,,2.0009474,250661,4
,,2.0154498,250943,4
,,2.3619912,251225,4
,,2.3627968,251508,4
,,2.3764934,251789,4
,,2.3660196,252071,4
,,2.2822292,252354,4
,,2.125072,252636,4
,,2.0920394,252918,4
,,2.0339802,253202,4
,,2.3249302,253483,4
,,1.589952,253763,4
,,1.1008056,254046,4
,,1.3280567,254327,4
,,1.2329366,254609,4
,,0.8791943,254892,4
,,1.0419912,255173,4
,,0.058814372,255456,4
,,0.66322272,255739,4
,,0.0,256020,4
,,0.09909819,256302,4
,,0.30379036,256586,4
,,0.48108948,256870,4
,,0.06767681,257152,4
,,0.0,257434,4
,,0.17886014,257716,4
,,0.04834058,257997,4
,,0.1055436,258279,4
,,0.14985579,258561,4
,,0.022558938,258843,4
,,0.058008696,259125,4
,,0.29573356,259409,4
,,0.342462768,259691,4
,,0.15468985,259972,4
,,0.33198902,260254,4
,,0.39483176,260537,4
,,0.68094752,260821,4
,,0.415024,261101,4
,,0.7236484,261384,4
,,0.9033646,261666,4
,,1.1273929,261947,4
,,1.0217991,262229,4
,,1.1290044,262512,4
,,1.3868712,262795,4
,,1.0798581,263078,4
,,1.214406,263362,4
,,1.71568784,263644,4
,,1.6366811,263929,4
,,1.6810436,264210,4
,,1.7817532,264491,4
,,1.6681529,264773,4
,,0.7075349,265055,4
,,1.2402381,265337,4
,,1.3385306,265616,4
,,1.4618493,265900,4
,,1.245072,266183,4
,,1.6713756,266466,4
,,1.0572991,266748,4
,,0.19175096,267028,4
,,0.452085152,267310,4
,,0.87274888,267591,4
,,0.72928816,267874,4
,,0.5922728,268155,4
,,0.35132524,268436,4
,,0.4665873,268718,4
,,0.29734492,269000,4
,,0.22483406,269281,4
,,0.27236894,269567,4
,,0.3730785,269848,4
,,0.13696498,270131,4
,,0.008056764,270413,4
,,0.10876631,270695,4
,,0.2949279,270977,4
,,0.3940261,271260,4
,,0.11118334,271542,4
,,1.2676309,271823,4
,,0.62052184,272106,4
,,1.012131,272389,4
,,0.83649348,272670,4
,,1.050048,272952,4
,,0.664834,273234,4
,,1.1829846,273515,4
,,1.2797161,273794,4
,,0.8114672,274076,4
,,1.4763515,274358,4
,,1.6834607,274642,4
,,1.952607,274924,4
,,1.5835066,275205,4
,,1.9050721,275487,4
,,2.0968732,275770,4
,,2.3160676,276052,4
,,2.6037444,276334,4
,,1.7720852,276617,4
,,1.6673472,276898,4
,,1.9606638,277182,4
,,1.4715174,277465,4
,,1.9461615,277747,4
,,1.9606638,278028,4
,,1.487631,278312,4
,,1.707631,278593,4
,,1.5263034,278876,4
,,1.4158754,279159,4
,,1.1032226,279440,4
,,0.9976287,279723,4
,,0.6213275,280006,4
,,0.5753536,280290,4
,,0.39724876,280571,4
,,0.30781874,280854,4
,,0.213554584,281135,4
,,0.06606546,281417,4
,,0.0032227054,281701,4
,,0.0,281981,4
,,0.0,282263,4
,,0.0,282577,5
,,0.0,282862,5
,,0.0,283147,5
,,0.0,283430,5
,,0.041089492,283713,5
,,0.0024170288,283996,5
,,0.049951932,284298,5
,,0.0,284585,5
,,0.17483176,284872,5
,,0.10393225,285156,5
,,0.524596,285440,5
,,0.91544976,285723,5
,,0.94203704,286005,5
,,0.51251084,286286,5
,,1.1153078,286570,5
,,0.8687205,286855,5
,,1.7269672,287138,5
,,1.3602837,287420,5
,,2.2709498,287701,5
,,2.2330328,287983,5
,,2.0718976,288265,5
,,2.2612314,288545,5
,,2.2983428,288827,5
,,2.4143604,289109,5
,,2.4191942,289392,5
,,2.409526,289674,5
,,2.4159718,289957,5
,,2.4369192,290240,5
,,2.3861616,290522,5
,,2.417583,290803,5
,,2.3636026,291085,5
,,2.3386266,291368,5
,,2.266871,291652,5
,,2.4635064,291934,5
,,1.85587552,292215,5
,,1.026633,292498,5
,,2.1911376,292779,5
,,1.675404,293062,5
,,1.4618493,293342,5
,,1.0468253,293623,5
,,0.7687663,293907,5
,,0.83649348,294189,5
,,0.67530787,294473,5
,,0.6253559,294754,5
,,0.0773449236,295035,5
,,0.06767681,295317,5
,,0.0,295599,5
,,0.0,295881,5
,,0.0,296162,5
,,0.0,296444,5
,,0.30781874,296725,5
,,0.5801877,297006,5
,,0.18208284,297287,5
,,0.02658732,297569,5
,,0.5213733,297852,5
,,0.63018996,298134,5
,,0.5664912,298415,5
,,0.88483408,298698,5
,,0.965401664,298981,5
,,1.0113251,299262,5
,,1.297441,299544,5
,,1.1708995,299827,5
,,1.1668711,300110,5
,,1.436823,300392,5
,,1.5488623,300673,5
,,1.3836484,300955,5
,,1.9638864,301236,5
,,1.6028427,301519,5
,,1.4513756,301802,5
,,1.7100481,302083,5
,,1.9219912,302364,5
,,1.71568784,302647,5
,,1.5319432,302928,5
,,1.4521812,303210,5
,,1.2523232,303492,5
,,1.397345,303774,5
,,1.7463036,304056,5
,,1.1056398,304338,5
,,1.0040742,304620,5
,,1.2321309,304901,5
,,0.30540168,305185,5
,,0.89772488,305467,5
,,0.49962004,305748,5
,,0.92914624,306031,5
,,0.20544746,306313,5
,,0.36824448,306597,5
,,0.355353632,306878,5
,,0.25867244,307158,5
,,0.39483176,307440,5
,,0.25222704,307721,5
,,0.0370611136,308002,5
,,0.5044541,308284,5
,,0.0096681152,308567,5
,,0.16838636,308849,5
,,0.28525978,309131,5
,,0.219194308,309412,5
,,0.28606544,309697,5
,,0.25706112,309977,5
,,0.55601732,310259,5
,,0.42630348,310541,5
,,0.7107576,310822,5
,,0.7913253,311105,5
,,0.770377636,311388,5
,,2.0162554,311670,5
,,1.3546441,311951,5
,,1.3288624,312235,5
,,1.5536965,312516,5
,,1.6915176,312799,5
,,1.8018952,313081,5
,,1.5883405,313362,5
,,1.99208516,313647,5
,,1.87365068,313930,5
,,1.6020371,314212,5
,,1.6810436,314494,5
,,2.1049302,314776,5
,,2.0186724,315059,5
,,1.7753078,315340,5
,,1.262797,315621,5
,,1.6407095,315903,5
,,1.3981506,316183,5
,,1.0129366,316465,5
,,1.6036484,316746,5
,,1.2031266,317029,5
,,0.8703319,317311,5
,,1.2394323,317593,5
,,0.61402608,317875,5
,,0.55440604,318158,5
,,0.39483176,318441,5
,,0.5004257,318724,5
,,0.31990388,319007,5
,,0.069288168,319289,5
,,0.08217899,319573,5
,,0.12568552,319855,5
,,0.0,320138,5
,,0.0,320420,5
,,0.0,320703,5
,,0.0,320983,5
,,0.0,321266,5
,,0.0,321548,5
,,0.0,321828,5
,,0.0,322111,5
,,0.0,322394,5
,,0.0,322676,5
,,0.14099336,322958,5
,,0.09587548,323239,5
,,0.21838864,323521,5
,,0.58099336,323803,5
,,0.6293843,324084,5
,,0.9790982,324367,5
,,0.8928908,324650,5
,,1.1008056,324932,5
,,1.0919433,325212,5
,,1.70521392,325495,5
,,1.5416113,325777,5
,,1.487631,326060,5
,,2.2773952,326343,5
,,1.69071168,326627,5
,,1.98805668,326910,5
,,1.9534126,327193,5
,,1.74872052,327473,5
,,2.2596202,327756,5
,,1.89701532,328038,5
,,1.9147402,328320,5
,,2.1452138,328603,5
,,1.799478,328886,5
,,1.78981,329170,5
,,1.7108536,329453,5
,,1.5238864,329736,5
,,1.3433646,330019,5
,,1.2676309,330300,5
,,1.1443122,330583,5
,,1.0879148,330867,5
,,1.1507576,331150,5
,,1.3917052,331431,5
,,0.77682308,331714,5
,,1.0274388,331998,5
,,0.522179,332279,5
,,0.6833646,332561,5
,,0.7889082,332842,5
,,0.77682308,333155,6
,,0.0,333440,6
,,0.207109168,333722,6
,,0.10796063,334006,6
,,0.965401664,334293,6
,,0.59066148,334576,6
,,0.65758292,334856,6
,,0.14743876,335157,6
,,0.6938384,335441,6
,,0.7284824,335724,6
,,0.0,336008,6
,,0.7961593,336293,6
,,0.5801877,336576,6
,,0.93881432,336858,6
,,1.4311833,337140,6
,,1.3594781,337423,6
,,1.1765393,337706,6
,,1.394928,337987,6
,,1.577061,338269,6
,,2.0589564,338551,6
,,2.0517052,338832,6
,,2.0992904,339114,6
,,2.2193362,339398,6
,,2.2515632,339681,6
,,2.3563516,339962,6
,,2.1339344,340246,6
,,2.1162096,340528,6
,,2.084788,340807,6
,,2.0412314,341088,6
,,2.0436484,341371,6
,,1.9139345,341654,6
,,1.6721812,341936,6
,,1.6108994,342218,6
,,1.4037904,342499,6
,,1.3578668,342783,6
,,0.99037768,343067,6
,,0.93156328,343349,6
,,0.7478187,343632,6
,,0.9057816,343914,6
,,0.68658732,344195,6
,,0.0,344478,6
,,0.030615702,344760,6
,,0.23611354,345043,6
,,0.410139616,345325,6
,,0.5963012,345608,6
,,0.076539256,345892,6
,,0.0,346174,6
,,0.063648424,346456,6
,,0.10796063,346737,6
,,0.0,347018,6
,,0.07815061,347300,6
,,0.7075349,347584,6
,,0.386775,347866,6
,,0.32070952,348150,6
,,0.45772488,348433,6
,,0.4134127,348714,6
,,0.84535584,348996,6
,,0.7518471,349280,6
,,0.9742641,349562,6
,,1.0967772,349843,6
,,1.2248799,350126,6
,,1.4932708,350408,6
,,1.4940764,350689,6
,,1.6649301,350971,6
,,2.1065416,351253,6
,,2.1339344,351535,6
,,2.3861616,351817,6
,,2.3837448,352099,6
,,2.3072054,352380,6
,,2.3724652,352663,6
,,2.3458776,352947,6
,,2.2693384,353231,6
,,2.209668,353513,6
,,2.2798124,353794,6
,,1.895404,354075,6
,,1.99127952,354357,6
,,1.72293884,354639,6
,,2.3007598,354923,6
,,1.2644084,355205,6
,,1.5504737,355487,6
,,1.2660197,355768,6
,,0.2441703,356051,6
,,0.97104148,356332,6
,,0.355353632,356615,6
,,0.74943008,356895,6
,,0.6696681,357178,6
,,0.64388644,357460,6
,,0.23933622,357742,6
,,0.16838636,358023,6
,,0.46255892,358305,6
,,0.09104142,358588,6
,,0.02175326,358872,6
,,0.0,359155,6
,,0.0,359438,6
,,0.173220416,359719,6
,,0.0,359999,6
,,0.0,360279,6
,,0.0,360562,6
,,0.0,360845,6
,,0.24819868,361126,6
,,0.26672924,361409,6
,,0.28928816,361693,6
,,0.33360036,361974,6
,,0.7107576,362257,6
,,0.7872969,362539,6
,,0.9629847,362825,6
,,0.937203,363108,6
,,1.1,363391,6
,,1.187013,363675,6
,,1.0193819,363958,6
,,1.1370611,364240,6
,,1.6262074,364522,6
,,0.85019,364805,6
,,1.1104738,365086,6
,,1.3546441,365368,6
,,1.8631768,365651,6
,,1.1515632,365934,6
,,1.732607,366216,6
,,1.4311833,366499,6
,,1.5472511,366782,6
,,1.2595742,367067,6
,,1.1990981,367350,6
,,1.5867292,367632,6
,,1.0645502,367913,6
,,1.0306615,368194,6
,,1.152369,368478,6
,,0.82763108,368760,6
,,0.73331656,369042,6
,,0.7115633,369326,6
,,0.3110414,369608,6
,,0.371467136,369890,6
,,0.28042572,370170,6
,,0.10312657,370452,6
,,0.2602838,370733,6
,,0.26431218,371014,6
,,0.7558755,371295,6
,,0.42549784,371579,6
,,0.409333936,371862,6
,,0.387580668,372142,6
,,0.20791486,372423,6
,,0.49639736,372703,6
,,0.412606968,372987,6
,,0.79535368,373269,6
,,0.655166,373553,6
,,0.5439322,373835,6
,,0.44725108,374118,6
,,0.632607,374401,6
,,0.6656397,374684,6
,,1.2208514,374965,6
,,0.98796068,375247,6
,,0.9936003,375528,6
,,1.2224628,375810,6
,,1.2119889,376092,6
,,1.9010436,376374,6
,,2.2354498,376654,6
,,1.9953078,376934,6
,,2.3168732,377217,6
,,1.792227,377499,6
,,1.7793362,377782,6
,,1.91957424,378066,6
,,2.0670634,378348,6
,,1.8155916,378630,6
,,1.9211856,378916,6
,,1.78981,379199,6
,,1.6407095,379480,6
,,1.6084825,379763,6
,,1.3546441,380046,6
,,1.0669672,380327,6
,,0.9629847,380609,6
,,0.752652736,380890,6
,,0.95815052,381173,6
,,0.6761135,381455,6
,,0.5149279,381738,6
,,0.3561593,382018,6
,,0.25706112,382299,6
,,0.1973907,382581,6
,,0.0773449236,382865,6
,,0.0,383145,6
,,0.046729224,383428,6
,,0.0,383744,7
,,0.049951932,384027,7
,,0.0,384312,7
,,0.0,384599,7
,,0.0,384884,7
,,0.034644084,385166,7
,,0.11037766,385450,7
,,0.37871824,385750,7
,,0.23450216,386038,7
,,0.409333936,386322,7
,,0.4004715,386607,7
,,0.5552117,386891,7
,,0.692227,387175,7
,,0.67933624,387456,7
,,1.0597162,387740,7
,,1.2587686,388022,7
,,1.5746441,388306,7
,,1.81962,388588,7
,,1.9147402,388868,7
,,2.0138384,389153,7
,,2.1363516,389434,7
,,2.275784,389718,7
,,2.3160676,389999,7
,,2.3918014,390281,7
,,2.4627008,390564,7
,,2.432891,390846,7
,,2.4433644,391127,7
,,2.5070632,391410,7
,,2.6182468,391692,7
,,2.4885328,391974,7
,,2.4836988,392256,7
,,2.4449758,392539,7
,,2.3805218,392821,7
,,2.2443124,393103,7
,,2.0960676,393386,7
,,1.90426636,393667,7
,,1.4562095,393950,7
,,1.2813275,394233,7
,,1.4513756,394515,7
,,1.0854978,394795,7
,,1.0081025,395078,7
,,0.6962554,395359,7
,,0.63905248,395640,7
,,0.37388416,395923,7
,,0.046729224,396206,7
,,0.0,396490,7
,,0.09909819,396772,7
,,0.06848249,397054,7
,,0.06042573,397337,7
,,0.0,397620,7
,,0.051563284,397902,7
,,0.29734492,398186,7
,,0.09990387,398466,7
,,0.13857633,398750,7
,,0.31023574,399033,7
,,0.3384344,399315,7
,,0.6221332,399599,7
,,0.63905248,399881,7
,,0.7180087,400165,7
,,0.6285786,400446,7
,,0.8469673,400728,7
,,1.1902357,401009,7
,,1.1491462,401292,7
,,1.1749278,401573,7
,,1.207155,401856,7
,,1.6318472,402139,7
,,1.4142641,402421,7
,,1.577061,402701,7
,,1.6084825,402982,7
,,1.6842664,403265,7
,,1.7664454,403546,7
,,1.7221332,403829,7
,,1.6504279,404113,7
,,1.5456398,404395,7
,,1.0734126,404678,7
,,1.2716594,404960,7
,,1.3876768,405241,7
,,1.4811857,405523,7
,,1.3232226,405805,7
,,1.329668,406087,7
,,1.0919433,406370,7
,,1.0709956,406652,7
,,0.94525976,406935,7
,,1.5118014,407215,7
,,0.342462768,407499,7
,,0.1192401,407779,7
,,0.40127716,408063,7
,,0.33521172,408345,7
,,0.474644068,408627,7
,,0.19497368,408909,7
,,0.19497368,409190,7
,,0.15549552,409473,7
,,0.07895628,409754,7
,,0.24578164,410035,7
,,0.2232227,410318,7
,,0.49236896,410600,7
,,0.210331868,410881,7
,,0.5753536,411164,7
,,0.5858274,411446,7
,,0.7832685,411728,7
,,0.824358,412010,7
,,0.96943,412292,7
,,0.7180087,412573,7
,,1.3699518,412854,7
,,1.5931746,413136,7
,,1.6254016,413418,7
,,1.29019,413700,7
,,0.980709568,413981,7
,,1.7688624,414263,7
,,1.8018952,414546,7
,,1.4029847,414828,7
,,1.8607598,415111,7
,,1.7793362,415393,7
,,1.3345022,415673,7
,,1.9348822,415957,7
,,1.837345,416238,7
,,1.6213733,416519,7
,,1.74308068,416800,7
,,1.6745982,417080,7
,,1.5520852,417364,7
,,1.4844082,417648,7
,,1.2208514,417929,7
,,1.0556878,418210,7
,,1.1112794,418494,7
,,0.8622751,418775,7
,,0.4730327,419057,7
,,0.68417024,419339,7
,,0.5197619,419620,7
,,0.5076768,419903,7
,,0.0,420187,7
,,0.0,420469,7
,,0.0,420750,7
,,0.0,421032,7
,,0.0,421315,7
,,0.0,421599,7
,,0.0,421883,7
,,0.0,422165,7
,,0.0,422448,7
,,0.0,422730,7
,,0.0,423011,7
,,0.0,423294,7
,,0.0,423575,7
,,0.09506981,423857,7
,,0.12729685,424138,7
,,0.39241476,424420,7
,,0.12407415,424703,7
,,0.64308084,424983,7
,,0.17805446,425265,7
,,0.606775,425550,7
,,0.57454792,425833,7
,,0.92028384,426116,7
,,1.3095262,426396,7
,,0.69544976,426678,7
,,1.1217533,426958,7
,,1.4554039,427240,7
,,2.002559,427524,7
,,1.7986724,427807,7
,,1.812369,428091,7
,,1.971943,428373,7
,,2.1718014,428654,7
,,2.0984848,428936,7
,,2.1226552,429217,7
,,2.0581506,429498,7
,,1.975166,429780,7
,,1.9171572,430063,7
,,1.787393,430344,7
,,1.7309956,430627,7
,,1.79625552,430908,7
,,1.71488208,431192,7
,,1.6665414,431473,7
,,1.6229846,431754,7
,,1.2458778,432037,7
,,0.7590982,432320,7
,,1.0790523,432601,7
,,1.0129366,432884,7
,,0.871137536,433166,7
,,0.8703319,433446,7
,,0.70108948,433728,7
,,0.6519432,434010,7
,,0.9194781,434324,8
,,0.4875349,434609,8
,,0.1973907,434892,8
,,0.229668116,435175,8
,,0.2046418,435459,8
,,0.5568231,435742,8
,,0.32232088,436024,8
,,0.579382,436326,8
,,0.9210895,436611,8
,,0.6285786,436896,8
,,1.0637446,437180,8
,,1.0774411,437464,8
,,0.79535368,437749,8
,,1.0637446,438032,8
,,1.1378668,438315,8
,,1.2482948,438597,8
,,1.627013,438879,8
,,1.6681529,439161,8
,,1.832511,439443,8
,,1.84056768,439726,8
,,1.99450216,440010,8
,,1.76966816,440291,8
,,1.74791484,440574,8
,,1.9711375,440855,8
,,2.0525108,441136,8
,,2.175024,441418,8
,,2.1701898,441701,8
,,1.9638864,441982,8
,,2.0162554,442264,8
,,1.982417,442546,8
,,1.660096,442829,8
,,1.6092881,443111,8
,,1.6471549,443392,8
,,1.2660197,443674,8
,,1.5391944,443958,8
,,1.3699518,444239,8
,,0.90981,444523,8
,,0.80824448,444805,8
,,0.9275349,445088,8
,,0.549572,445371,8
,,0.348102536,445652,8
,,0.34165712,445934,8
,,0.53104144,446217,8
,,0.7945479,446499,8
,,0.237724868,446780,8
,,0.058814372,447062,8
,,0.0,447344,8
,,0.0,447626,8
,,0.03303273,447908,8
,,0.05720302,448191,8
,,0.0,448474,8
,,0.15066147,448757,8
,,0.25303274,449039,8
,,0.37549552,449319,8
,,0.39080336,449601,8
,,0.522179,449881,8
,,0.70431216,450162,8
,,0.60838632,450444,8
,,0.947676864,450726,8
,,1.3538383,451009,8
,,0.9162555,451291,8
,,1.1910414,451576,8
,,1.4182925,451860,8
,,1.972749,452141,8
,,2.2314214,452423,8
,,2.2410894,452704,8
,,2.3160676,452984,8
,,2.355546,453267,8
,,2.3515174,453548,8
,,2.2596202,453830,8
,,2.2483406,454114,8
,,2.0307576,454395,8
,,2.1258776,454675,8
,,2.0694802,454959,8
,,1.329668,455241,8
,,1.1902357,455523,8
,,1.7527488,455806,8
,,1.0629388,456087,8
,,1.4908538,456370,8
,,1.3288624,456652,8
,,1.4626551,456935,8
,,0.8211352,457218,8
,,0.49478596,457501,8
,,0.7832685,457784,8
,,0.31990388,458065,8
,,0.6132204,458347,8
,,0.57454792,458630,8
,,0.16113527,458913,8
,,0.26350652,459197,8
,,0.2514214,459478,8
,,0.0,459760,8
,,0.0056397348,460041,8
,,0.0,460324,8
,,0.0,460608,8
,,0.0,460890,8
,,0.0,461174,8
,,0.04834058,461456,8
,,0.0,461737,8
,,0.04189517,462019,8
,,0.06284276,462301,8
,,0.10070954,462584,8
,,0.452085152,462865,8
,,0.7276768,463147,8
,,0.63018996,463429,8
,,0.7711833,463712,8
,,1.0975829,463993,8
,,1.3030808,464276,8
,,1.1717051,464559,8
,,1.075024,464841,8
,,1.1177249,465122,8
,,1.5577248,465404,8
,,1.80914632,465686,8
,,1.524692,465968,8
,,1.73824668,466251,8
,,1.4570153,466532,8
,,1.1257816,466814,8
,,1.3183887,467097,8
,,1.5045502,467378,8
,,1.4691005,467660,8
,,1.6770153,467945,8
,,1.3538383,468225,8
,,1.3014694,468507,8
,,1.3627008,468789,8
,,0.94123132,469070,8
,,1.1,469353,8
,,0.9790982,469637,8
,,0.888056768,469919,8
,,0.64388644,470200,8
,,0.5527947,470483,8
,,0.75668116,470764,8
,,0.30540168,471047,8
,,0.474644068,471330,8
,,0.4980087,471612,8
,,0.24819868,471895,8
,,0.7389563,472178,8
,,0.46014192,472461,8
,,0.3827466,472743,8
,,0.73251084,473025,8
,,0.14905013,473307,8
,,0.73251084,473590,8
,,0.098292516,473871,8
,,0.207109168,474154,8
,,0.6221332,474437,8
,,0.3182925,474717,8
,,0.25867244,475000,8
,,0.5012314,475281,8
,,0.27317464,475563,8
,,1.1120851,475844,8
,,0.7308995,476128,8
,,1.2402381,476410,8
,,1.0709956,476695,8
,,0.45611356,476978,8
,,1.1273929,477261,8
,,1.292607,477542,8
,,1.2208514,477824,8
,,1.5520852,478105,8
,,1.89943232,478387,8
,,1.727773,478670,8
,,1.99691932,478951,8
,,1.8800962,479233,8
,,1.952607,479514,8
,,1.6842664,479796,8
,,1.78336452,480077,8
,,1.5802838,480359,8
,,1.485214,480642,8
,,1.4432685,480921,8
,,1.1185305,481206,8
,,1.2821332,481488,8
,,1.1257816,481767,8
,,0.76312652,482052,8
,,0.705923568,482336,8
,,0.825213936,482622,8
,,0.57777068,482904,8
,,0.5165392,483185,8
,,0.27962004,483469,8
,,0.46900432,483752,8
,,0.2876768,484033,8
,,0.19013962,484317,8
,,0.07815061,484598,8
,,0.047534904,484884,8
,,0.0,485197,9
,,0.0,485481,9
,,0.08137331,485767,9
,,0.023364612,486049,9
,,0.6704738,486332,9
,,0.0,486615,9
,,0.37388416,486918,9
,,0.73009384,487203,9
,,0.44241704,487488,9
,,0.5390982,487772,9
,,0.7018952,488058,9
,,0.994406032,488343,9
,,0.9960174,488625,9
,,1.1177249,488907,9
,,1.5625589,489188,9
,,1.5061616,489471,9
,,1.73663532,489752,9
,,1.8155916,490035,9
,,2.0896222,490317,9
,,2.1315174,490599,9
,,2.2128908,490881,9
,,2.3764934,491165,9
,,2.495784,491447,9
,,2.6214696,491730,9
,,2.4861156,492013,9
,,2.517537,492295,9
,,2.5457358,492577,9
,,2.5014236,492859,9
,,2.530428,493140,9
,,2.4667292,493424,9
,,2.3958296,493710,9
,,2.5078692,493992,9
,,2.310428,494274,9
,,2.2185304,494555,9
,,1.3417532,494838,9
,,1.4279606,495119,9
,,1.0177706,495403,9
,,0.43033186,495685,9
,,1.3119432,495965,9
,,0.5527947,496247,9
,,0.8050217,496528,9
,,0.30701304,496810,9
,,0.013696497,497093,9
,,0.7083405,497374,9
,,0.0362554368,497656,9
,,0.041089492,497937,9
,,0.06848249,498220,9
,,0.11682307,498501,9
,,0.010473792,498784,9
,,0.007251087,499069,9
,,0.016113528,499350,9
,,0.05478599,499632,9
,,0.25867244,499913,9
,,0.0386724616,500195,9
,,0.024975966,500477,9
,,0.166775,500760,9
,,0.5729366,501044,9
,,0.60838632,501326,9
,,0.73331656,501609,9
,,0.7639323,501891,9
,,1.0274388,502174,9
,,0.9541222,502455,9
,,1.0653559,502739,9
,,1.3312794,503020,9
,,1.3199999,503303,9
,,1.3554497,503585,9
,,1.62943,503868,9
,,1.92521392,504150,9
,,1.4916594,504432,9
,,1.95019,504715,9
,,1.6947402,504997,9
,,2.0759258,505280,9
,,1.8260654,505562,9
,,2.3209018,505843,9
,,1.5617533,506126,9
,,1.5827008,506409,9
,,1.6915176,506692,9
,,1.1878186,506975,9
,,1.5424169,507257,9
,,1.0919433,507541,9
,,1.0209934,507820,9
,,0.6543603,508106,9
,,1.0032684,508388,9
,,0.59388416,508670,9
,,0.4875349,508953,9
,,0.5737423,509235,9
,,0.3658274,509516,9
,,0.31184712,509800,9
,,0.3013733,510082,9
,,0.2844541,510364,9
,,0.1297139,510645,9
,,0.2232227,510927,9
,,0.29412222,511212,9
,,0.117628744,511494,9
,,0.70028376,511777,9
,,0.85260696,512060,9
,,0.56165716,512342,9
,,0.54876624,512626,9
,,0.54876624,512910,9
,,0.96137332,513193,9
,,0.49962004,513476,9
,,1.3280567,513759,9
,,1.2434606,514040,9
,,0.7816571,514323,9
,,0.8268254,514605,9
,,1.505356,514886,9
,,1.2192401,515166,9
,,1.3167774,515450,9
,,1.1088624,515734,9
,,2.0049758,516015,9
,,1.3860654,516297,9
,,1.6254016,516579,9
,,1.1628428,516861,9
,,1.7938384,517142,9
,,1.8260654,517425,9
,,1.4731289,517707,9
,,1.6536508,517990,9
,,1.3852598,518273,9
,,1.4126527,518556,9
,,1.2474891,518839,9
,,1.067773,519120,9
,,1.1201419,519403,9
,,1.2031266,519686,9
,,0.8687205,519967,9
,,0.5254017,520250,9
,,0.467392984,520533,9
,,0.1909453,520816,9
,,0.08217899,521098,9
,,0.0,521378,9
,,0.04834058,521662,9
,,0.0,521943,9
,,0.0,522225,9
,,0.0,522507,9
,,0.0,522790,9
,,0.0,523071,9
,,0.0,523354,9
,,0.0,523635,9
,,0.0,523917,9
,,0.027392994,524199,9
,,0.0,524480,9
,,0.0362554368,524763,9
,,0.0,525045,9
,,0.0,525328,9
,,0.9734584,525608,9
,,0.7687663,525891,9
,,0.6463035,526174,9
,,1.2103777,526456,9
,,0.98393224,526738,9
,,0.88483408,527020,9
,,1.1032226,527304,9
,,1.18943,527587,9
,,1.5359716,527868,9
,,1.5561135,528153,9
,,1.6487663,528435,9
,,1.7793362,528717,9
,,1.90587768,529000,9
,,1.95019,529282,9
,,2.0057814,529562,9
,,2.0283406,529845,9
,,2.0404258,530128,9
,,2.100096,530411,9
,,2.177441,530693,9
,,2.1137924,530975,9
,,1.9638864,531258,9
,,2.1871092,531540,9
,,2.1863034,531823,9
,,2.0307576,532106,9
,,2.0517052,532388,9
,,1.4416572,532671,9
,,1.5915634,532953,9
,,1.3884824,533234,9
,,1.5206637,533518,9
,,1.4037904,533801,9
,,0.20141908,534083,9
,,0.7945479,534365,9
,,0.3561593,534649,9
,,0.71317464,534932,9
,,0.43436024,535214,9
,,0.23450216,535496,9
,,0.33037764,535811,10
,,0.0,536097,10
,,0.11521172,536383,10
,,0.0,536667,10
,,0.01772488,536952,10
,,0.0886244,537232,10
,,0.20872054,537537,10
,,0.12729685,537820,10
,,0.15066147,538104,10
,,0.4028885,538388,10
,,0.6745022,538672,10
,,0.7615152,538956,10
,,0.98151517,539238,10
,,0.825213936,539521,10
,,1.0991943,539802,10
,,1.3490044,540084,10
,,1.2232685,540366,10
,,1.3159715,540648,10
,,1.4545983,540931,10
,,1.6568734,541213,10
,,1.6407095,541495,10
,,1.9372991,541775,10
,,1.98402832,542058,10
,,1.9679148,542340,10
,,2.2354498,542621,10
,,2.1484366,542903,10
,,2.1194324,543188,10
,,2.0057814,543468,10
,,2.1057358,543749,10
,,2.2177248,544032,10
,,1.9082948,544315,10
,,2.172607,544597,10
,,1.5391944,544881,10
,,1.3618951,545164,10
,,1.1974868,545447,10
,,1.452987,545729,10
,,1.2442664,546013,10
,,0.7212314,546295,10
,,0.4633646,546578,10
,,0.26672924,546862,10
,,0.0,547143,10
,,0.5060655,547426,10
,,0.3658274,547706,10
,,0.04350652,547990,10
,,0.38999772,548271,10
,,0.14179904,548553,10
,,0.169192032,548836,10
,,0.30217898,549118,10
,,0.16838636,549400,10
,,0.21597162,549682,10
,,0.3255436,549962,10
,,0.36905012,550245,10
,,0.274786,550527,10
,,0.33762876,550811,10
,,0.63985808,551094,10
,,1.134644,551376,10
,,0.9033646,551660,10
,,0.89127944,551940,10
,,1.2208514,552223,10
,,1.6842664,552508,10
,,1.6995744,552790,10
,,1.5093843,553070,10
,,2.007393,553353,10
,,2.0436484,553636,10
,,1.707631,553919,10
,,1.9372991,554201,10
,,2.147631,554482,10
,,2.1065416,554764,10
,,2.5529868,555044,10
,,2.071092,555327,10
,,1.69554584,555610,10
,,2.2136964,555890,10
,,1.6092881,556171,10
,,1.74872052,556452,10
,,1.505356,556735,10
,,1.45057,557017,10
,,1.3167774,557300,10
,,1.207155,557582,10
,,1.2491004,557862,10
,,1.2789105,558144,10
,,0.93800868,558424,10
,,0.67530787,558706,10
,,0.57777068,558987,10
,,0.5656855,559270,10
,,0.6124147,559551,10
,,0.25303274,559834,10
,,0.33360036,560116,10
,,0.0,560398,10
,,0.0,560682,10
,,0.0,560965,10
,,0.0,561246,10
,,0.0,561529,10
,,0.0,561811,10
,,0.0,562093,10
,,0.0,562375,10
,,0.0,562657,10
,,0.0,562938,10
,,0.040283816,563220,10
,,0.244975968,563502,10
,,0.13857633,563786,10
,,0.5930785,564068,10
,,0.497203016,564349,10
,,0.3730785,564633,10
,,0.29251088,564915,10
,,1.1241703,565198,10
,,0.8606637,565480,10
,,1.2781049,565762,10
,,1.1990981,566045,10
,,1.0315175,566327,10
,,1.6366811,566607,10
,,1.3796201,566892,10
,,1.505356,567173,10
,,1.7680568,567454,10
,,1.78819868,567737,10
,,1.8623712,568018,10
,,1.5504737,568300,10
,,1.6471549,568581,10
,,1.5472511,568864,10
,,1.3788143,569145,10
,,1.6536508,569427,10
,,1.3232226,569710,10
,,1.3627008,569992,10
,,1.067773,570273,10
,,1.0331288,570557,10
,,0.94364848,570838,10
,,1.0484366,571119,10
,,1.1145022,571401,10
,,1.3900938,571682,10
,,0.5697139,571964,10
,,1.0282445,572247,10
,,0.91464408,572530,10
,,0.5262074,572811,10
,,0.44080568,573093,10
,,0.722842736,573376,10
,,0.91142136,573658,10
,,0.43033186,573941,10
,,0.034644084,574225,10
,,0.41094528,574506,10
,,0.0,574787,10
,,0.39563744,575069,10
,,0.0,575351,10
,,0.37388416,575634,10
,,0.0,575915,10
,,0.17563744,576198,10
,,0.7776287,576478,10
,,0.21597162,576760,10
,,0.68014184,577043,10
,,0.206303484,577327,10
,,0.39080336,577609,10
,,0.9299519,577889,10
,,1.2668253,578171,10
,,1.5254978,578454,10
,,1.2668253,578737,10
,,1.4360174,579020,10
,,1.6229846,579302,10
,,1.7422751,579584,10
,,1.7688624,579867,10
,,1.7753078,580151,10
,,1.5843122,580434,10
,,1.842179,580716,10
,,1.5295262,580998,10
,,1.75677732,581283,10
,,1.3755916,581566,10
,,1.3490044,581849,10
,,1.3715633,582130,10
,,1.4029847,582415,10
,,1.214406,582698,10
,,1.1209475,582981,10
,,1.1982925,583265,10
,,0.9565393,583547,10
,,0.9702357,583829,10
,,0.7341222,584110,10
,,0.41175096,584392,10
,,0.57051956,584676,10
,,0.10634928,584960,10
,,0.10957198,585242,10
,,0.0,585522,10
,,0.0,585805,10
,,0.49639736,586087,10
,,0.11440604,586401,11
,,0.12568552,586686,11
,,0.0,586970,11
,,0.46014192,587253,11
,,0.0,587539,11
,,0.31668116,587820,11
,,0.0,588101,11
,,0.27639736,588403,11
,,0.30379036,588690,11
,,0.6245502,588975,11
,,0.5237903,589260,11
,,0.8663035,589546,11
,,1.0008514,589828,11
,,1.2047379,590111,11
,,1.3739803,590393,11
,,1.4255436,590676,11
,,1.6342641,590957,11
,,1.776919,591239,11
,,2.3990524,591520,11
,,2.3861616,591801,11
,,2.5352618,592084,11
,,2.4409476,592365,11
,,2.5296224,592649,11
,,2.4909496,592932,11
,,2.4425588,593213,11
,,2.5086748,593496,11
,,2.5610438,593778,11
,,2.4490044,594061,11
,,2.475642,594343,11
,,2.5417076,594624,11
,,2.3579628,594907,11
,,2.3909956,595188,11
,,1.73582968,595470,11
,,2.012227,595751,11
,,1.652845,596033,11
,,1.78497584,596315,11
,,1.1999038,596598,11
,,1.1249759,596880,11
,,1.5553079,597163,11
,,0.8534126,597446,11
,,0.347296868,597728,11
,,0.43919432,598008,11
,,0.180471508,598290,11
,,0.206303484,598570,11
,,0.09909819,598853,11
,,0.0,599135,11
,,0.0,599417,11
,,0.0,599698,11
,,0.0,599981,11
,,0.0,600262,11
,,0.0,600545,11
,,0.0,600828,11
,,0.0,601110,11
,,0.10796063,601390,11
,,0.08781872,601671,11
,,0.045117876,601952,11
,,0.43436024,602235,11
,,0.37388416,602518,11
,,0.64388644,602800,11
,,0.5890501,603082,11
,,0.9758755,603365,11
,,0.82274664,603647,11
,,1.4416572,603929,11
,,1.3256397,604212,11
,,1.5480567,604493,11
,,1.1112794,604775,11
,,1.6520393,605056,11
,,1.8131746,605338,11
,,1.89379252,605619,11
,,1.8027009,605901,11
,,1.8454016,606185,11
,,2.2088624,606467,11
,,1.8018952,606750,11
,,1.8252598,607032,11
,,1.9268254,607314,11
,,1.844596,607598,11
,,1.2410437,607880,11
,,1.6479607,608163,11
,,1.209572,608446,11
,,0.9299519,608726,11
,,1.0250217,609009,11
,,0.8808056,609292,11
,,0.8904738,609574,11
,,0.6124147,609858,11
,,0.687393,610139,11
,,0.33279468,610420,11
,,0.409333936,610702,11
,,0.24014192,610985,11
,,0.1836942,611268,11
,,0.5133165,611550,11
,,0.46497596,611832,11
,,0.26834056,612114,11
,,0.38516364,612397,11
,,1.0169649,612678,11
,,0.25222704,612959,11
,,0.6269673,613242,11
,,0.473838432,613523,11
,,0.6978668,613803,11
,,0.44,614085,11
,,0.90819864,614365,11
,,0.9065873,614648,11
,,1.0379629,614932,11
,,0.980709568,615213,11
,,0.7051179,615495,11
,,1.5440284,615778,11
,,1.2281024,616061,11
,,1.3079147,616345,11
,,1.7793362,616628,11
,,2.1484366,616911,11
,,1.0903319,617194,11
,,1.0298558,617476,11
,,1.6520393,617758,11
,,1.2724651,618040,11
,,1.4029847,618322,11
,,1.322417,618604,11
,,1.6165392,618887,11
,,1.4376288,619170,11
,,1.416681,619455,11
,,1.3997619,619736,11
,,1.4021789,620016,11
,,1.0064912,620297,11
,,0.91142136,620580,11
,,0.7478187,620865,11
,,0.56165716,621146,11
,,0.6745022,621429,11
,,0.29009384,621712,11
,,0.33037764,621992,11
,,0.213554584,622276,11
,,0.02658732,622558,11
,,0.1361593,622843,11
,,0.013696497,623127,11
,,0.023364612,623410,11
,,0.0370611136,623692,11
,,0.0,623972,11
,,0.0024170288,624255,11
,,0.0,624536,11
,,0.0,624818,11
,,0.0,625099,11
,,0.0,625381,11
,,0.07089952,625663,11
,,0.0,625944,11
,,0.3086244,626226,11
,,0.482700832,626506,11
,,0.6519432,626790,11
,,0.0,627070,11
,,0.655166,627352,11
,,0.70914624,627634,11
,,0.8534126,627916,11
,,1.0436027,628196,11
,,1.0024628,628480,11
,,1.3087206,628763,11
,,1.3675349,629046,11
,,1.3892882,629330,11
,,1.5238864,629612,11
,,1.68990608,629893,11
,,1.7704738,630176,11
,,1.8631768,630458,11
,,1.987251,630742,11
,,2.032369,631023,11
,,2.115404,631304,11
,,2.3797162,631584,11
,,2.3047884,631867,11
,,2.417583,632150,11
,,2.272561,632431,11
,,2.2209476,632713,11
,,2.2225588,632994,11
,,1.9783886,633276,11
,,2.0589564,633559,11
,,1.4336004,633842,11
,,1.3030808,634125,11
,,1.317583,634408,11
,,1.4586268,634689,11
,,1.0444083,634970,11
,,0.47061568,635250,11
,,0.6471092,635534,11
,,0.8469673,635818,11
,,0.28364844,636101,11
,,0.39563744,636382,11
,,0.5785763,636663,11
,,0.0,636947,11
,,0.0,637261,12
,,0.48028384,637546,12
,,0.0,637830,12
,,0.0,638115,12
,,0.09990387,638396,12
,,0.05317464,638679,12
,,0.23933622,638979,12
,,0.30701304,639266,12
,,0.50848248,639550,12
,,0.5076768,639838,12
,,0.5479606,640122,12
,,0.6245502,640405,12
,,0.7308995,640687,12
,,0.91544976,640968,12
,,0.8284367,641252,12
,,1.2740765,641535,12
,,1.4489585,641818,12
,,1.3490044,642101,12
,,1.4981048,642384,12
,,1.8002838,642666,12
,,1.9211856,642948,12
,,2.002559,643230,12
,,2.2314214,643514,12
,,2.232227,643796,12
,,2.275784,644078,12
,,2.2814236,644361,12
,,2.2177248,644645,12
,,2.077537,644928,12
,,1.97919432,645211,12
,,2.3096224,645493,12
,,1.88654136,645775,12
,,1.84298468,646059,12
,,1.96469216,646343,12
,,1.92440832,646626,12
,,1.1112794,646909,12
,,0.7478187,647192,12
,,1.2353536,647474,12
,,0.8429389,647757,12
,,1.0113251,648038,12
,,0.59388416,648321,12
,,0.7486244,648604,12
,,0.3384344,648886,12
,,0.33682304,649167,12
,,0.4569192,649448,12
,,0.3634104,649733,12
,,0.22886244,650015,12
,,0.19819638,650297,12
,,0.0773449236,650575,12
,,0.1869169,650858,12
,,0.080567632,651138,12
,,0.28042572,651421,12
,,0.7832685,651703,12
,,0.95815052,651984,12
,,0.25303274,652267,12
,,0.812272836,652551,12
,,0.4028885,652833,12
,,1.0661615,653116,12
,,0.96701304,653399,12
,,1.2015152,653680,12
,,1.5472511,653963,12
,,1.3900938,654245,12
,,1.7583886,654526,12
,,1.89701532,654808,12
,,1.7471092,655090,12
,,1.895404,655372,12
,,2.1065416,655654,12
,,2.2676768,655937,12
,,1.6504279,656218,12
,,2.0251178,656503,12
,,2.0735088,656786,12
,,1.407013,657069,12
,,1.4844082,657350,12
,,1.84862452,657631,12
,,1.6302358,657914,12
,,1.4932708,658197,12
,,1.3989563,658478,12
,,1.3780086,658758,12
,,1.2805219,659041,12
,,0.9734584,659324,12
,,0.9122271,659607,12
,,0.882417,659889,12
,,0.655166,660170,12
,,0.329572,660452,12
,,0.19819638,660734,12
,,0.0918471,661015,12
,,0.034644084,661297,12
,,0.04350652,661577,12
,,0.0,661860,12
,,0.0,662142,12
,,0.0,662423,12
,,0.0,662704,12
,,0.0,662987,12
,,0.0,663268,12
,,0.0,663551,12
,,0.0024170288,663832,12
,,0.0,664116,12
,,0.0,664397,12
,,0.090235752,664678,12
,,0.14341038,664961,12
,,0.3634104,665243,12
,,0.28928816,665527,12
,,1.0363516,665809,12
,,0.6930327,666088,12
,,0.6414694,666371,12
,,1.3208057,666654,12
,,1.4432685,666935,12
,,1.2515174,667217,12
,,1.735024,667500,12
,,1.4771572,667781,12
,,1.5746441,668061,12
,,1.792227,668342,12
,,1.7011856,668626,12
,,1.8510414,668910,12
,,1.7269672,669191,12
,,1.8631768,669474,12
,,1.70521392,669755,12
,,1.4755459,670037,12
,,1.5077729,670318,12
,,1.4513756,670599,12
,,1.416681,670881,12
,,1.2845502,671163,12
,,1.0830808,671446,12
,,1.3876768,671729,12
,,1.5093843,672011,12
,,1.2482948,672291,12
,,1.7261616,672573,12
,,0.7889082,672855,12
,,0.80985576,673139,12
,,0.8042161,673422,12
,,0.74620732,673703,12
,,0.41824672,673984,12
,,0.29734492,674267,12
,,0.4569192,674549,12
,,0.45772488,674832,12
,,0.35454796,675112,12
,,0.1909453,675394,12
,,0.0,675675,12
,,0.2884825,675958,12
,,0.029004348,676240,12
,,0.08943007,676523,12
,,0.47867244,676804,12
,,0.10151522,677086,12
,,0.0,677368,12
,,0.37227284,677651,12
,,0.3730785,677933,12
,,0.801799,678215,12
,,0.69947816,678496,12
,,0.8590524,678778,12
,,0.92189512,679060,12
,,1.014548,679344,12
,,1.0508537,679627,12
,,1.2458778,679908,12
,,1.492465,680190,12
,,1.2829388,680471,12
,,1.40943,680754,12
,,1.4142641,681035,12
,,1.6092881,681319,12
,,1.5488623,681600,12
,,1.394928,681882,12
,,1.6084825,682164,12
,,1.4739345,682447,12
,,1.2466835,682730,12
,,1.5214695,683011,12
,,1.3796201,683294,12
,,1.3965392,683575,12
,,1.5690043,683857,12
,,1.3925108,684139,12
,,1.0637446,684422,12
,,0.9065873,684706,12
,,1.3393362,684987,12
,,1.2764934,685270,12
,,0.9355917,685551,12
,,0.8179125,685833,12
,,0.09990387,686115,12
,,0.438388616,686398,12
,,0.0,686680,12
,,0.4883406,686963,12
,,0.2675349,687245,12
,,0.06445411,687527,12
,,0.17966582,687842,13
,,0.06042573,688127,13
,,0.053980312,688412,13
,,0.15549552,688697,13
,,0.2610895,688978,13
,,0.29331654,689258,13
,,0.420663736,689559,13
,,0.475449736,689844,13
,,0.49478596,690128,13
,,0.7075349,690412,13
,,0.7961593,690698,13
,,0.96137332,690982,13
,,1.242655,691265,13
,,0.85099568,691545,13
,,1.3635066,691827,13
,,1.98563968,692108,13
,,2.252369,692392,13
,,2.452227,692673,13
,,2.4990064,692955,13
,,2.409526,693235,13
,,2.2886746,693518,13
,,2.424834,693801,13
,,2.415166,694084,13
,,2.4103318,694366,13
,,2.51512,694649,13
,,2.554598,694929,13
,,2.4836988,695211,13
,,2.4304738,695492,13
,,2.245118,695775,13
,,2.3950238,696058,13
,,2.4135544,696339,13
,,1.69635152,696621,13
,,1.3836484,696903,13
,,1.5641702,697186,13
,,1.0572991,697470,13
,,0.8114672,697751,13
,,1.404596,698033,13
,,0.85744104,698314,13
,,1.0081025,698596,13
,,0.51089952,698878,13
,,0.5753536,699161,13
,,0.24658732,699445,13
,,0.22,699727,13
,,0.18611124,700008,13
,,0.0,700289,13
,,0.0,700572,13
,,0.0,700854,13
,,0.0,701136,13
,,0.0,701417,13
,,0.0,701699,13
,,0.0,701981,13
,,0.0,702262,13
,,0.025781642,702545,13
,,0.0,702825,13
,,0.0016113527,703107,13
,,0.29009384,703388,13
,,0.47061568,703671,13
,,0.481895168,703954,13
,,0.8485786,704237,13
,,1.0427968,704519,13
,,1.3385306,704803,13
,,1.3409476,705083,13
,,1.2515174,705368,13
,,2.1887204,705652,13
,,2.0638406,705935,13
,,1.972749,706218,13
,,1.737441,706500,13
,,1.764834,706782,13
,,1.9590524,707064,13
,,1.75436032,707347,13
,,1.6358755,707629,13
,,1.8889586,707910,13
,,1.8365393,708191,13
,,1.7857816,708470,13
,,1.7728908,708751,13
,,1.6931288,709033,13
,,1.3908995,709314,13
,,1.2829388,709596,13
,,1.1862074,709878,13
,,1.1990981,710160,13
,,0.982320832,710442,13
,,0.838104836,710723,13
,,0.7075349,711006,13
,,0.6938384,711288,13
,,0.9025589,711570,13
,,0.7832685,711853,13
,,1.0726069,712135,13
,,0.71317464,712416,13
,,0.44886244,712697,13
,,0.96943,712979,13
,,0.36179904,713261,13
,,0.61805444,713544,13
,,0.71317464,713824,13
,,0.21436026,714107,13
,,0.2917052,714388,13
,,0.46014192,714670,13
,,0.206303484,714952,13
,,0.3158755,715234,13
,,0.5971069,715517,13
,,0.8114672,715799,13
,,1.0621332,716080,13
,,0.9170611,716362,13
,,1.2103777,716643,13
,,0.838104836,716923,13
,,1.3167774,717204,13
,,1.5214695,717486,13
,,0.85019,717769,13
,,1.5408056,718052,13
,,1.3989563,718334,13
,,1.5271092,718615,13
,,1.3900938,718898,13
,,1.6560677,719179,13
,,1.6681529,719458,13
,,1.4634607,719741,13
,,1.544834,720023,13
,,1.5190524,720305,13
,,1.2466835,720589,13
,,1.1531746,720870,13
,,1.0387685,721153,13
,,1.0959716,721435,13
,,0.98796068,721716,13
,,0.91544976,721998,13
,,0.7454017,722281,13
,,0.5664912,722564,13
,,0.41744108,722846,13
,,0.4004715,723128,13
,,0.176443132,723407,13
,,0.12326848,723690,13
,,0.116017392,723972,13
,,0.30379036,724254,13
,,0.35374228,724536,13
,,0.0,724816,13
,,0.0,725096,13
,,0.0,725378,13
,,0.042700844,725662,13
,,0.17080338,725946,13
,,0.07815061,726228,13
,,0.0,726510,13
,,0.37549552,726792,13
,,0.011279469,727073,13
,,0.0,727353,13
,,0.11440604,727635,13
,,0.29573356,727916,13
,,0.23853054,728198,13
,,0.53184708,728480,13
,,0.66080564,728761,13
,,0.57213084,729043,13
,,0.8598581,729324,13
,,0.8840284,729606,13
,,1.0846921,729889,13
,,1.2829388,730171,13
,,1.3941221,730453,13
,,1.537583,730734,13
,,1.5681987,731017,13
,,1.8454016,731301,13
,,2.1605218,731584,13
,,2.3039824,731865,13
,,2.3136506,732148,13
,,2.382133,732428,13
,,2.3466832,732711,13
,,2.2709498,732994,13
,,2.3619912,733274,13
,,2.3966352,733556,13
,,2.500618,733841,13
,,2.0638406,734123,13
,,1.7583886,734405,13
,,2.0146442,734688,13
,,1.69071168,734970,13
,,1.3272511,735254,13
,,1.1845961,735536,13
,,1.045214,735820,13
,,0.991989,736101,13
,,0.5963012,736382,13
,,0.43194324,736664,13
,,0.4778668,736946,13
,,0.6978668,737228,13
,,0.2812314,737511,13
,,0.02417029,737791,13
,,0.13535362,738074,13
,,0.26592352,738389,14
,,0.0,738675,14
,,0.056397344,738959,14
,,0.0,739243,14
,,0.0,739528,14
,,0.09265278,739811,14
,,0.29251088,740112,14
,,0.0,740396,14
,,0.06687114,740680,14
,,0.43919432,740965,14
,,0.46094756,741249,14
,,0.826019636,741532,14
,,0.871137536,741814,14
,,0.9750698,742096,14
,,0.63663536,742379,14
,,1.102417,742661,14
,,1.2837444,742943,14
,,1.5673931,743225,14
,,1.329668,743508,14
,,1.8043122,743790,14
,,2.0114214,744073,14
,,1.9236026,744355,14
,,2.0388144,744640,14
,,2.0315632,744921,14
,,2.1959718,745202,14
,,2.4618952,745488,14
,,2.4764476,745770,14
,,2.2120852,746051,14
,,2.6174412,746332,14
,,2.1854978,746615,14
,,2.0508996,746899,14
,,1.8083406,747182,14
,,1.744692,747463,14
,,1.6915176,747744,14
,,1.382037,748026,14
,,1.3731747,748308,14
,,1.3014694,748589,14
,,1.1475348,748872,14
,,0.8969192,749154,14
,,0.8735546,749435,14
,,0.64388644,749718,14
,,0.4907576,750001,14
,,0.39160908,750281,14
,,0.473838432,750565,14
,,0.34407416,750846,14
,,0.19819638,751129,14
,,0.08540169,751410,14
,,0.219194308,751692,14
,,0.42872052,751972,14
,,0.47061568,752253,14
,,0.371467136,752536,14
,,0.35213092,752819,14
,,0.090235752,753103,14
,,0.8009933,753386,14
,,0.53265276,753668,14
,,1.0129366,753950,14
,,0.982320832,754232,14
,,1.0621332,754514,14
,,1.2119889,754794,14
,,0.7961593,755076,14
,,1.5343602,755360,14
,,1.3554497,755642,14
,,0.80824448,755924,14
,,1.4327946,756210,14
,,1.4408513,756490,14
,,1.7140764,756772,14
,,1.6939346,757055,14
,,1.9348822,757337,14
,,1.6036484,757620,14
,,1.69635152,757903,14
,,1.70521392,758184,14
,,1.9743602,758468,14
,,1.78336452,758750,14
,,1.652845,759031,14
,,1.5472511,759314,14
,,1.490048,759596,14
,,1.344976,759880,14
,,1.3071091,760161,14
,,0.838104836,760443,14
,,0.7599039,760724,14
,,0.6704738,761009,14
,,0.5036484,761293,14
,,0.5463493,761577,14
,,0.11279469,761859,14
,,0.18127718,762141,14
,,0.02417029,762423,14
,,0.029810024,762706,14
,,0.029810024,762987,14
,,0.0,763270,14
,,0.0,763553,14
,,0.0,763837,14
,,0.0,764120,14
,,0.0,764402,14
,,0.0,764686,14
,,0.0,764967,14
,,0.0,765248,14
,,0.39724876,765531,14
,,0.36743876,765813,14
,,0.329572,766095,14
,,0.6978668,766379,14
,,1.2152118,766663,14
,,0.85824668,766944,14
,,0.7212314,767226,14
,,1.0871091,767509,14
,,1.1386725,767791,14
,,1.0032684,768075,14
,,1.2353536,768355,14
,,1.2442664,768639,14
,,1.4554039,768922,14
,,1.6786266,769205,14
,,1.6455436,769488,14
,,1.72293884,769770,14
,,1.80914632,770052,14
,,1.5963973,770333,14
,,1.76966816,770616,14
,,1.660096,770897,14
,,1.5061616,771179,14
,,1.84781868,771462,14
,,2.1234608,771743,14
,,1.90587768,772025,14
,,1.7753078,772307,14
,,1.8276768,772590,14
,,1.7736964,772871,14
,,1.4682947,773153,14
,,1.0064912,773435,14
,,1.3610895,773717,14
,,0.7163973,774000,14
,,0.9936003,774281,14
,,0.7180087,774564,14
,,0.5552117,774847,14
,,0.27075762,775128,14
,,0.5785763,775412,14
,,0.02175326,775691,14
,,0.237724868,775974,14
,,0.04189517,776256,14
,,0.013696497,776538,14
,,0.42630348,776821,14
,,0.2610895,777105,14
,,0.0,777386,14
,,0.12326848,777668,14
,,0.0193362308,777952,14
,,0.28606544,778234,14
,,0.08298466,778516,14
,,0.5431266,778799,14
,,0.724454036,779083,14
,,0.381135268,779365,14
,,0.7035065,779645,14
,,0.6745022,779929,14
,,0.705923568,780211,14
,,0.66402832,780494,14
,,0.812272836,780778,14
,,0.89530784,781061,14
,,0.97829248,781344,14
,,1.2700482,781627,14
,,1.1660654,781908,14
,,1.3095262,782190,14
,,1.512607,782473,14
,,1.4408513,782752,14
,,1.4441245,783035,14
,,1.6342641,783318,14
,,1.5254978,783599,14
,,1.84781868,783881,14
,,1.9614694,784164,14
,,1.96630352,784445,14
,,1.4005675,784728,14
,,1.2636026,785010,14
,,0.8534126,785292,14
,,1.460238,785573,14
,,0.9428427,785855,14
,,1.2063492,786136,14
,,1.4408513,786418,14
,,1.62943,786699,14
,,0.4569192,786982,14
,,0.5366811,787264,14
,,1.0468253,787546,14
,,0.58502176,787829,14
,,0.13051957,788112,14
,,0.32151524,788394,14
,,0.420663736,788675,14
,,0.13535362,788992,15
,,0.19819638,789277,15
,,0.17966582,789561,15
,,0.047534904,789846,15
,,0.0,790131,15
,,0.12085146,790413,15
,,0.419052432,790697,15
,,0.3932204,791000,15
,,0.33118334,791285,15
,,0.8034104,791568,15
,,0.69706104,791853,15
,,1.4158754,792137,15
,,1.4844082,792424,15
,,1.3183887,792707,15
,,1.735024,792987,15
,,1.9783886,793269,15
,,2.0791486,793551,15
,,1.99853052,793833,15
,,1.9437446,794115,15
,,2.1025132,794397,15
,,2.315262,794678,15
,,2.4627008,794959,15
,,2.382133,795241,15
,,2.3797162,795522,15
,,2.6061616,795804,15
,,2.345072,796086,15
,,2.2798124,796367,15
,,2.3160676,796649,15
,,2.3740764,796933,15
,,2.2838406,797217,15
,,2.22981,797498,15
,,2.088011,797781,15
,,1.83089952,798063,15
,,1.707631,798345,15
,,1.5907576,798628,15
,,1.4457358,798909,15
,,1.026633,799191,15
,,0.98473792,799475,15
,,0.8646921,799758,15
,,0.7341222,800041,15
,,0.49559168,800322,15
,,0.249004352,800604,15
,,0.058814372,800888,15
,,0.011279469,801170,15
,,0.0,801452,15
,,0.0,801734,15
,,0.0,802017,15
,,0.0,802298,15
,,0.0,802581,15
,,0.0,802862,15
,,0.0,803142,15
,,0.0,803424,15
,,0.012085145,803705,15
,,0.0,803988,15
,,0.14985579,804272,15
,,0.18127718,804553,15
,,0.39483176,804836,15
,,0.71317464,805117,15
,,0.5189563,805399,15
,,1.3191943,805680,15
,,0.7961593,805964,15
,,0.8969192,806246,15
,,0.72928816,806528,15
,,1.88493008,806809,15
,,1.1120851,807091,15
,,1.69635152,807373,15
,,2.0557336,807654,15
,,2.1371572,807936,15
,,2.0388144,808218,15
,,2.012227,808499,15
,,2.0533164,808779,15
,,1.9389105,809063,15
,,2.0654518,809345,15
,,2.0259236,809627,15
,,1.87123376,809909,15
,,1.7172991,810190,15
,,1.5851178,810472,15
,,1.3941221,810753,15
,,1.2958296,811034,15
,,1.4416572,811314,15
,,1.6141223,811597,15
,,1.3119432,811878,15
,,1.2781049,812161,15
,,1.3304738,812444,15
,,1.0589105,812724,15
,,0.77360032,813006,15
,,1.3675349,813287,15
,,0.51251084,813569,15
,,0.7824628,813851,15
,,0.0,814134,15
,,0.15146714,814414,15
,,0.57051956,814696,15
,,0.340851468,814977,15
,,0.655166,815260,15
,,0.14260471,815541,15
,,0.427914836,815821,15
,,0.1836942,816104,15
,,0.16113527,816385,15
,,0.0064454108,816667,15
,,0.8001877,816950,15
,,0.16435798,817230,15
,,0.6285786,817512,15
,,1.2087664,817795,15
,,0.719620036,818078,15
,,1.1700939,818360,15
,,1.0379629,818643,15
,,1.2087664,818924,15
,,1.157203,819207,15
,,1.3401419,819490,15
,,1.3828428,819773,15
,,1.3933165,820054,15
,,1.5416113,820336,15
,,1.3812314,820620,15
,,1.2724651,820901,15
,,1.5327488,821185,15
,,1.3715633,821468,15
,,1.3353078,821750,15
,,1.1982925,822032,15
,,1.1580087,822314,15
,,1.0403799,822597,15
,,0.9339803,822881,15
,,0.932369,823162,15
,,0.8146899,823445,15
,,1.0387685,823727,15
,,0.8663035,824010,15
,,0.6075807,824293,15
,,0.5729366,824575,15
,,0.70270088,824856,15
,,0.5536004,825137,15
,,0.030615702,825420,15
,,0.0,825701,15
,,0.0,825984,15
,,0.20544746,826266,15
,,0.211137552,826546,15
,,0.0,826828,15
,,0.0,827110,15
,,0.0,827393,15
,,0.0,827675,15
,,0.041089492,827958,15
,,0.28606544,828241,15
,,0.11279469,828522,15
,,0.2264454,828804,15
,,0.27559168,829085,15
,,0.42469212,829369,15
,,0.41744108,829650,15
,,0.5592401,829931,15
,,0.677724836,830212,15
,,0.825213936,830495,15
,,0.9057816,830776,15
,,1.0072968,831059,15
,,1.1636484,831344,15
,,1.6915176,831626,15
,,1.7664454,831911,15
,,1.56981,832191,15
,,2.2491462,832473,15
,,2.1967774,832758,15
,,2.1242664,833040,15
,,2.320096,833321,15
,,2.472369,833605,15
,,2.3829388,833887,15
,,2.1194324,834170,15
,,2.3321812,834450,15
,,2.3434608,834731,15
,,1.851847,835014,15
,,1.74872052,835295,15
,,2.1766352,835579,15
,,1.6366811,835859,15
,,1.322417,836141,15
,,2.0557336,836422,15
,,1.4013733,836706,15
,,1.3248341,836988,15
,,0.5600457,837269,15
,,1.1290044,837551,15
,,0.79293656,837832,15
,,0.60435796,838116,15
,,0.53184708,838398,15
,,0.4770611,838681,15
,,0.2264454,838963,15
,,0.14502175,839247,15
,,0.040283816,839530,15
,,0.07573357,839843,16
,,0.06767681,840128,16
,,0.0,840413,16
,,0.0,840697,16
,,0.0,840980,16
,,0.0,841261,16
,,0.0185305568,841562,16
,,0.16516365,841849,16
,,0.012085145,842132,16
,,0.2739803,842416,16
,,0.31023574,842701,16
,,0.68094752,842984,16
,,0.6906157,843265,16
,,0.93156328,843548,16
,,0.61483176,843831,16
,,1.1958754,844114,16
,,1.6866834,844396,16
,,0.9033646,844678,16
,,1.2474891,844960,16
,,1.452987,845241,16
,,1.89298684,845527,16
,,1.9364936,845808,16
,,2.0646462,846091,16
,,2.2136964,846373,16
,,2.4530328,846655,16
,,2.415166,846936,16
,,2.2870634,847219,16
,,2.4578666,847499,16
,,2.3386266,847781,16
,,2.2467292,848063,16
,,2.1734126,848346,16
,,2.0605676,848627,16
,,1.7761135,848909,16
,,1.8115632,849191,16
,,1.5593363,849473,16
,,1.4787686,849755,16
,,1.1741222,850036,16
,,1.0339345,850318,16
,,0.70028376,850598,16
,,0.7760174,850882,16
,,0.7985763,851164,16
,,0.41094528,851446,16
,,0.43033186,851730,16
,,0.00080567632,852012,16
,,0.9122271,852293,16
,,0.32796064,852575,16
,,0.2441703,852857,16
,,0.46900432,853140,16
,,0.10957198,853422,16
,,0.6446921,853703,16
,,0.33037764,853987,16
,,0.3803296,854269,16
,,0.489951936,854551,16
,,0.6261616,854832,16
,,0.7107576,855114,16
,,0.5995239,855397,16
,,0.45611356,855679,16
,,0.98796068,855962,16
,,0.8646921,856244,16
,,1.1427008,856526,16
,,1.0484366,856809,16
,,1.6020371,857090,16
,,1.429572,857373,16
,,2.1137924,857654,16
,,1.744692,857937,16
,,1.5077729,858220,16
,,1.98483408,858503,16
,,1.82284268,858784,16
,,1.895404,859067,16
,,2.00981,859351,16
,,1.75436032,859634,16
,,1.7285786,859916,16
,,1.7519432,860199,16
,,1.40943,860480,16
,,1.3788143,860761,16
,,1.3280567,861041,16
,,1.0460197,861324,16
,,1.1177249,861606,16
,,0.692227,861887,16
,,0.744596,862170,16
,,0.5407095,862453,16
,,0.81388416,862734,16
,,0.41094528,863016,16
,,0.16758068,863298,16
,,0.2167773,863580,16
,,0.14179904,863863,16
,,0.139382,864142,16
,,0.32232088,864425,16
,,0.05962005,864707,16
,,0.027392994,864989,16
,,0.0,865272,16
,,0.09104142,865555,16
,,0.196585032,865838,16
,,0.0,866119,16
,,0.0,866400,16
,,0.15549552,866682,16
,,0.014502174,866965,16
,,0.26914626,867249,16
,,0.1297139,867532,16
,,0.4134127,867814,16
,,0.65677724,868096,16
,,0.7784344,868378,16
,,0.79213096,868658,16
,,1.0806637,868939,16
,,1.242655,869223,16
,,1.377203,869506,16
,,1.1990981,869788,16
,,1.4707118,870069,16
,,1.5496681,870352,16
,,1.74791484,870633,16
,,1.71488208,870917,16
,,1.7060196,871198,16
,,1.89943232,871481,16
,,2.0468712,871764,16
,,2.1371572,872045,16
,,2.1339344,872327,16
,,2.1186268,872610,16
,,2.0307576,872891,16
,,1.9808058,873173,16
,,1.92038,873453,16
,,1.5561135,873736,16
,,1.5714214,874016,16
,,0.94042576,874298,16
,,1.0089082,874578,16
,,1.0967772,874861,16
,,0.826019636,875142,16
,,1.0419912,875424,16
,,0.412606968,875707,16
,,0.79213096,875990,16
,,0.1297139,876274,16
,,0.139382,876556,16
,,0.51009384,876839,16
,,0.0,877120,16
,,0.0,877403,16
,,0.169192032,877686,16
,,0.0,877968,16
,,0.0,878251,16
,,0.0,878533,16
,,0.08781872,878814,16
,,0.12568552,879098,16
,,0.05478599,879382,16
,,0.1297139,879665,16
,,0.44725108,879949,16
,,0.2739803,880231,16
,,0.15066147,880517,16
,,0.25303274,880800,16
,,0.41582972,881081,16
,,0.60194092,881363,16
,,0.7308995,881645,16
,,0.689810036,881928,16
,,0.8904738,882211,16
,,1.1080568,882492,16
,,1.0234103,882775,16
,,1.2119889,883058,16
,,1.3691462,883340,16
,,1.3159715,883621,16
,,1.4932708,883903,16
,,2.0912338,884185,16
,,1.817203,884468,16
,,2.1113756,884749,16
,,1.4771572,885031,16
,,1.4981048,885312,16
,,1.7205218,885594,16
,,1.2272968,885877,16
,,1.9566354,886158,16
,,0.8606637,886441,16
,,1.9284368,886723,16
,,1.6794324,887005,16
,,1.2079606,887286,16
,,1.0008514,887569,16
,,1.427155,887851,16
,,0.9299519,888135,16
,,0.6688624,888417,16
,,0.60194092,888699,16
,,0.57213084,888981,16
,,0.55037768,889262,16
,,0.3456855,889544,16
,,0.26511788,889827,16
,,0.05317464,890110,16
,,0.28203704,890426,17
,,0.20303044,890710,17
,,0.233696492,890997,17
,,0.07976195,891280,17
,,0.37549552,891566,17
,,0.5060655,891849,17
,,0.5737423,892132,17
,,0.59388416,892434,17
,,0.42388648,892721,17
,,0.91464408,893006,17
,,1.0951658,893291,17
,,0.9106157,893577,17
,,1.4142641,893860,17
,,1.5222751,894142,17
,,1.5391944,894424,17
,,1.6407095,894705,17
,,2.1057358,894988,17
,,2.1419912,895269,17
,,1.84056768,895551,17
,,2.2233646,895833,17
,,2.3249302,896115,17
,,2.4965896,896396,17
,,2.5215654,896677,17
,,2.4167774,896959,17
,,2.270144,897242,17
,,2.5183428,897525,17
,,2.2233646,897807,17
,,2.422417,898090,17
,,2.6391942,898371,17
,,2.2306156,898653,17
,,2.1927488,898934,17
,,1.98402832,899216,17
,,1.9590524,899498,17
,,1.5972029,899780,17
,,1.4207095,900060,17
,,1.3361134,900343,17
,,0.9468711,900624,17
,,0.7590982,900907,17
,,0.57777068,901188,17
,,0.6454978,901470,17
,,0.219194308,901751,17
,,0.10796063,902034,17
,,0.025781642,902316,17
,,0.0,902598,17
,,0.0,902882,17
,,0.0,903165,17
,,0.0,903448,17
,,0.0,903731,17
,,0.0,904012,17
,,0.0,904294,17
,,0.08137331,904574,17
,,0.0,904857,17
,,0.13696498,905140,17
,,0.4665873,905423,17
,,0.61805444,905705,17
,,0.32151524,905986,17
,,0.94364848,906268,17
,,0.5536004,906552,17
,,1.0177706,906836,17
,,1.047631,907116,17
,,1.4892424,907399,17
,,1.4634607,907681,17
,,1.92440832,907963,17
,,1.5818951,908245,17
,,1.87929036,908527,17
,,1.98483408,908806,17
,,1.787393,909091,17
,,2.0202836,909373,17
,,2.1282948,909655,17
,,2.0984848,909937,17
,,2.0460654,910218,17
,,2.0283406,910499,17
,,1.900238,910782,17
,,1.9211856,911062,17
,,1.8027009,911345,17
,,1.900238,911628,17
,,2.0500936,911910,17
,,2.0396202,912192,17
,,1.868011,912471,17
,,1.0217991,912753,17
,,0.7123689,913036,17
,,0.62374452,913318,17
,,0.66322272,913600,17
,,0.438388616,913883,17
,,1.0484366,914165,17
,,0.69706104,914448,17
,,0.80824448,914730,17
,,0.14905013,915012,17
,,0.219194308,915295,17
,,0.074927896,915576,17
,,0.053980312,915858,17
,,0.225639732,916141,17
,,0.0,916423,17
,,0.06848249,916704,17
,,0.09345845,916988,17
,,0.356965,917269,17
,,0.06767681,917551,17
,,0.173220416,917834,17
,,0.5149279,918117,17
,,0.39644312,918400,17
,,0.5390982,918683,17
,,0.706729236,918965,17
,,0.6277729,919246,17
,,0.8654978,919529,17
,,0.824358,919811,17
,,0.964596032,920094,17
,,1.1926528,920378,17
,,0.89127944,920659,17
,,1.1265873,920942,17
,,1.1080568,921225,17
,,1.2934127,921507,17
,,1.4062073,921788,17
,,1.2740765,922069,17
,,1.1596199,922350,17
,,1.429572,922635,17
,,1.4545983,922916,17
,,1.4424628,923197,17
,,1.3908995,923479,17
,,1.3546441,923760,17
,,1.2410437,924042,17
,,1.3908995,924323,17
,,0.8235523,924604,17
,,1.2837444,924887,17
,,1.0032684,925171,17
,,0.5012314,925452,17
,,0.6454978,925732,17
,,0.39886012,926014,17
,,0.0,926296,17
,,0.029810024,926578,17
,,0.0032227054,926861,17
,,0.44886244,927142,17
,,0.233696492,927425,17
,,0.200613416,927706,17
,,0.18288852,927988,17
,,0.39886012,928270,17
,,0.0,928552,17
,,0.0725108736,928834,17
,,0.0,929115,17
,,0.15388418,929397,17
,,0.16274662,929679,17
,,0.16758068,929959,17
,,0.3182925,930242,17
,,0.26511788,930526,17
,,0.50687116,930808,17
,,0.7486244,931089,17
,,0.6027466,931370,17
,,0.5181506,931652,17
,,0.6269673,931935,17
,,1.4707118,932218,17
,,2.1935544,932498,17
,,1.6891004,932779,17
,,2.0476768,933062,17
,,1.4642663,933343,17
,,2.0243122,933624,17
,,2.0654518,933907,17
,,2.0049758,934189,17
,,1.84137332,934473,17
,,2.2838406,934756,17
,,2.125072,935039,17
,,2.3563516,935322,17
,,2.272561,935604,17
,,2.2765896,935888,17
,,1.872845,936170,17
,,1.6189562,936453,17
,,1.81962,936736,17
,,2.0823712,937016,17
,,0.9525109,937297,17
,,1.482797,937578,17
,,1.4432685,937860,17
,,1.2418494,938143,17
,,1.0226047,938425,17
,,0.8050217,938709,17
,,0.676919136,938991,17
,,0.719620036,939273,17
,,0.5205676,939555,17
,,0.359382,939838,17
,,0.3561593,940120,17
,,0.17402608,940401,17
,,0.0,940685,17
,,0.0,940999,18
,,0.0,941286,18
,,0.0,941572,18
,,0.0,941853,18
,,0.0,942138,18
,,0.0,942419,18
,,0.0,942698,18
,,0.047534904,942999,18
,,0.029004348,943285,18
,,0.3392401,943569,18
,,0.236919216,943854,18
,,0.29653924,944139,18
,,0.522179,944424,18
,,0.6309957,944706,18
,,0.7075349,944989,18
,,1.0709956,945270,18
,,1.1644541,945553,18
,,1.2055435,945837,18
,,1.82364832,946119,18
,,2.3491004,946402,18
,,1.9993362,946685,18
,,2.252369,946966,18
,,2.1718014,947247,18
,,2.2435066,947530,18
,,2.157299,947812,18
,,2.353129,948093,18
,,2.3039824,948375,18
,,2.4804762,948657,18
,,2.3313756,948941,18
,,2.3507116,949223,18
,,2.3289584,949504,18
,,2.19436,949787,18
,,2.077537,950072,18
,,1.8300938,950353,18
,,1.70360268,950635,18
,,1.5424169,950918,18
,,1.2103777,951200,18
,,1.1878186,951483,18
,,1.2474891,951765,18
,,1.2684367,952048,18
,,0.83488216,952331,18
,,1.1878186,952613,18
,,1.0854978,952895,18
,,0.9267292,953176,18
,,0.49478596,953460,18
,,0.233696492,953741,18
,,0.30781874,954023,18
,,0.0,954306,18
,,0.0,954587,18
,,0.0,954869,18
,,0.0,955151,18
,,0.01772488,955434,18
,,0.55037768,955721,18
,,0.36099336,956003,18
,,0.06687114,956287,18
,,0.34326848,956570,18
,,0.4633646,956851,18
,,0.23127946,957133,18
,,0.77682308,957415,18
,,0.801799,957696,18
,,1.4013733,957979,18
,,1.4666835,958261,18
,,1.4779628,958545,18
,,1.4392401,958826,18
,,1.6584847,959107,18
,,1.8252598,959390,18
,,1.8010895,959671,18
,,1.71327068,959956,18
,,2.0162554,960236,18
,,1.6721812,960519,18
,,1.70038,960800,18
,,1.537583,961082,18
,,1.5907576,961364,18
,,1.5496681,961646,18
,,1.397345,961926,18
,,1.1386725,962209,18
,,1.0879148,962491,18
,,1.0411856,962774,18
,,1.1209475,963057,18
,,0.9025589,963339,18
,,0.55601732,963622,18
,,0.26672924,963903,18
,,0.80663304,964186,18
,,0.481895168,964468,18
,,0.38838636,964749,18
,,0.0,965030,18
,,0.0,965313,18
,,0.0,965596,18
,,0.07089952,965879,18
,,0.09668116,966161,18
,,0.0,966443,18
,,0.0,966726,18
,,0.3110414,967009,18
,,0.0,967289,18
,,0.040283816,967571,18
,,0.117628744,967853,18
,,0.052368964,968135,18
,,0.5254017,968415,18
,,0.19175096,968698,18
,,0.7018952,968981,18
,,0.65758292,969262,18
,,0.7784344,969545,18
,,0.87516592,969828,18
,,0.9001419,970110,18
,,1.1209475,970393,18
,,1.0935546,970675,18
,,1.3635066,970957,18
,,1.3892882,971240,18
,,1.5013275,971521,18
,,1.870428,971802,18
,,2.042037,972086,18
,,2.3265414,972368,18
,,2.2693384,972650,18
,,2.0735088,972933,18
,,1.9679148,973215,18
,,2.0743146,973495,18
,,2.220142,973779,18
,,1.7704738,974061,18
,,1.8268712,974343,18
,,1.8575372,974627,18
,,1.374786,974909,18
,,1.2305196,975190,18
,,1.0951658,975472,18
,,0.96056768,975754,18
,,0.5028428,976034,18
,,0.98715496,976315,18
,,0.33198902,976597,18
,,1.3240282,976880,18
,,0.498814336,977163,18
,,0.49236896,977443,18
,,0.6479148,977727,18
,,0.0,978011,18
,,0.33762876,978294,18
,,0.011279469,978576,18
,,0.0,978859,18
,,0.11279469,979142,18
,,0.034644084,979424,18
,,0.02175326,979705,18
,,0.0,979986,18
,,0.07009385,980267,18
,,0.0,980551,18
,,0.0,980833,18
,,0.020141908,981114,18
,,0.07573357,981397,18
,,0.0,981680,18
,,0.15468985,981962,18
,,0.274786,982245,18
,,0.14985579,982527,18
,,0.6059693,982809,18
,,0.6075807,983091,18
,,0.74701304,983373,18
,,0.918672464,983657,18
,,1.0234103,983939,18
,,1.1306157,984221,18
,,1.6568734,984503,18
,,1.6052596,984784,18
,,1.8575372,985065,18
,,1.4892424,985347,18
,,2.0662576,985630,18
,,2.0960676,985911,18
,,2.1798582,986192,18
,,2.0106158,986475,18
,,1.72293884,986758,18
,,1.5585304,987040,18
,,2.214502,987320,18
,,1.5617533,987603,18
,,1.4279606,987886,18
,,1.4376288,988167,18
,,1.3441702,988450,18
,,1.265214,988732,18
,,1.1209475,989013,18
,,0.9742641,989295,18
,,0.8904738,989576,18
,,0.71317464,989858,18
,,0.687393,990140,18
,,0.39644312,990422,18
,,0.36018768,990704,18
,,0.25786676,990986,18
,,0.33279468,991268,18
,,0.221611344,991582,19
,,0.39483176,991867,19
,,0.28364844,992151,19
,,0.5479606,992434,19
,,0.72606548,992719,19
,,0.5254017,993001,19
,,0.689810036,993283,19
,,0.53023576,993587,19
,,1.3715633,993872,19
,,0.8090501,994156,19
,,0.59066148,994438,19
,,1.0903319,994722,19
,,0.37791256,995007,19
,,1.537583,995289,19
,,1.6439322,995569,19
,,1.2708538,995851,19
,,1.2885786,996133,19
,,1.8599542,996414,19
,,2.0525108,996697,19
,,2.3184846,996979,19
,,1.9904738,997261,19
,,1.8857358,997543,19
,,2.0235066,997826,19
,,2.2427008,998108,19
,,2.3587684,998390,19
,,2.2709498,998671,19
,,2.2886746,998954,19
,,2.3652138,999236,19
,,2.3410436,999519,19
,,2.2233646,999800,19
,,2.1387686,1000082,19
,,2.0807598,1000365,19
,,1.5625589,1000646,19
,,1.4174868,1000931,19
,,1.3417532,1001213,19
,,1.1845961,1001496,19
,,1.1,1001778,19
,,0.95815052,1002058,19
,,0.65758292,1002341,19
,,0.22483406,1002622,19
,,0.6986725,1002903,19
,,0.50928816,1003183,19
,,0.17402608,1003465,19
,,0.0,1003749,19
,,0.0,1004031,19
,,0.045117876,1004313,19
,,0.03544976,1004594,19
,,0.0378667868,1004876,19
,,0.0,1005158,19
,,0.0,1005441,19
,,0.045117876,1005721,19
,,0.3561593,1006003,19
,,0.22,1006285,19
,,0.57454792,1006567,19
,,0.0,1006849,19
,,0.70995192,1007130,19
,,0.8356878,1007413,19
,,0.963790336,1007695,19
,,0.98151517,1007977,19
,,1.0306615,1008260,19
,,1.2692423,1008541,19
,,1.0444083,1008824,19
,,1.3602837,1009105,19
,,1.7084367,1009387,19
,,1.83170516,1009668,19
,,1.9082948,1009951,19
,,1.9936964,1010232,19
,,2.103319,1010514,19
,,2.090428,1010794,19
,,2.0727032,1011074,19
,,2.0920394,1011357,19
,,2.0210892,1011640,19
,,2.2693384,1011921,19
,,2.2967314,1012202,19
,,2.2846462,1012483,19
,,2.2951202,1012765,19
,,1.9211856,1013047,19
,,1.7060196,1013330,19
,,1.1386725,1013613,19
,,1.5206637,1013895,19
,,1.5263034,1014177,19
,,1.2756877,1014461,19
,,0.9662073,1014742,19
,,1.1443122,1015023,19
,,1.1281986,1015304,19
,,0.65758292,1015587,19
,,0.435165936,1015871,19
,,0.15710689,1016150,19
,,0.0,1016432,19
,,0.073316548,1016713,19
,,0.0,1016997,19
,,0.0032227054,1017278,19
,,0.20383612,1017559,19
,,0.13696498,1017843,19
,,0.04350652,1018124,19
,,0.121657128,1018406,19
,,0.20383612,1018687,19
,,0.06848249,1018970,19
,,0.18772258,1019252,19
,,0.48511784,1019535,19
,,0.26834056,1019816,19
,,0.340045784,1020098,19
,,0.83649348,1020379,19
,,0.53023576,1020660,19
,,0.88483408,1020942,19
,,0.6164431,1021226,19
,,0.876777232,1021509,19
,,1.0967772,1021790,19
,,1.0613276,1022072,19
,,1.0427968,1022355,19
,,1.1298101,1022637,19
,,1.4013733,1022918,19
,,1.3248341,1023200,19
,,1.4255436,1023482,19
,,1.221657,1023764,19
,,1.2636026,1024044,19
,,1.3804257,1024326,19
,,1.0806637,1024608,19
,,1.045214,1024892,19
,,1.69071168,1025175,19
,,1.2127947,1025456,19
,,0.96137332,1025738,19
,,1.3014694,1026022,19
,,1.78336452,1026303,19
,,0.918672464,1026588,19
,,0.386775,1026872,19
,,0.9500938,1027154,19
,,0.435971616,1027436,19
,,0.31668116,1027718,19
,,0.59468984,1028001,19
,,0.23530784,1028284,19
,,0.0,1028566,19
,,0.30217898,1028849,19
,,0.05075761,1029131,19
,,0.22805678,1029412,19
,,0.12487984,1029693,19
,,0.1192401,1029975,19
,,0.14905013,1030256,19
,,0.236919216,1030537,19
,,0.06767681,1030821,19
,,0.17966582,1031101,19
,,0.3360174,1031385,19
,,0.5455436,1031669,19
,,0.5237903,1031952,19
,,0.6728908,1032234,19
,,1.0290501,1032516,19
,,1.182179,1032798,19
,,1.1209475,1033080,19
,,1.2410437,1033362,19
,,1.3659235,1033643,19
,,1.680238,1033925,19
,,1.71649336,1034207,19
,,1.6705699,1034490,19
,,2.0090044,1034771,19
,,2.189526,1035052,19
,,2.2161136,1035335,19
,,1.900238,1035616,19
,,2.1532708,1035899,19
,,2.0388144,1036181,19
,,2.1887204,1036463,19
,,1.7930328,1036743,19
,,1.5520852,1037027,19
,,2.3321812,1037310,19
,,2.012227,1037591,19
,,1.5883405,1037873,19
,,1.4691005,1038155,19
,,1.7245502,1038438,19
,,1.5939803,1038719,19
,,1.0814694,1039000,19
,,0.932369,1039280,19
,,0.9557336,1039562,19
,,0.7977706,1039843,19
,,0.8211352,1040125,19
,,0.6213275,1040406,19
,,0.18772258,1040689,19
,,0.15630122,1040970,19
,,0.12004577,1041251,19
,,0.016113528,1041532,19
,,0.0,1041813,19
,,0.0,1042128,20
